generation,animalid,accessid,rfid,earpunch,dam,sire,dob,dow,dorfid,sex,coatcolor,plate_id,well_position,dosacking,number_sacked,weanednumber,littersize,breederpair,rack_number,rack_position,comments
100,G100_B01_01,111000101,933000320978158,LT,G99_B01_07,G99_B32_02,11/10/2023 9:12:59,12/1/2023 9:56:18,12/1/2023 11:19:24,M,blackhood,01,E09,,,3,3,01,6,E4,"no Fs,nan"
100,G100_B01_02,111000102,933000320978137,LM,G99_B01_07,G99_B32_02,11/10/2023 9:12:59,12/1/2023 9:56:18,12/1/2023 11:19:24,M,blackhood,01,F09,,,3,3,01,6,E4,"no Fs,nan"
100,G100_B01_03,111000103,933000320978125,LB,G99_B01_07,G99_B32_02,11/10/2023 9:12:59,12/1/2023 9:56:18,12/1/2023 11:19:24,M,blackhood,01,G09,,,3,3,01,6,E4,"no Fs,nan"
100,G100_B02_01,111000201,933000320978266,LT,G99_B02_05,G99_B26_04,11/14/2023 9:35:24,12/7/2023 9:57:13,12/7/2023 11:02:56,M,brownhood,05,A01,,,10,10,02,4,D7,"nan,nan"
100,G100_B02_02,111000202,933000320978267,LM,G99_B02_05,G99_B26_04,11/14/2023 9:35:24,12/7/2023 9:57:13,12/7/2023 11:02:56,M,brown,05,B01,,,10,10,02,4,D7,"nan,nan"
100,G100_B02_03,111000203,933000320978272,LB,G99_B02_05,G99_B26_04,11/14/2023 9:35:24,12/7/2023 9:57:13,12/7/2023 11:02:56,M,brown,05,C01,,,10,10,02,4,D7,"nan,nan"
100,G100_B02_04,111000204,933000320978273,LC,G99_B02_05,G99_B26_04,11/14/2023 9:35:24,12/7/2023 9:57:13,12/7/2023 11:02:56,M,black,05,D01,,,10,10,02,4,D7,"nan,nan"
100,G100_B02_05,111000205,933000320978271,LTRT,G99_B02_05,G99_B26_04,11/14/2023 9:35:24,12/7/2023 9:57:13,12/7/2023 11:05:55,M,black,05,E01,,,10,10,02,3,D3,"nan,nan"
100,G100_B02_09,111000209,933000320978270,RT,G99_B02_05,G99_B26_04,11/14/2023 9:35:24,12/7/2023 9:57:40,12/7/2023 11:09:56,F,brownhood,05,F01,,,10,10,02,4,E7,"nan,nan"
100,G100_B02_10,111000210,933000320978265,RM,G99_B02_05,G99_B26_04,11/14/2023 9:35:24,12/7/2023 9:57:40,12/7/2023 11:09:56,F,brownhood,05,G01,,,10,10,02,4,E7,"nan,nan"
100,G100_B02_11,111000211,933000320978255,RB,G99_B02_05,G99_B26_04,11/14/2023 9:35:24,12/7/2023 9:57:40,12/7/2023 11:09:56,F,blackhood,05,H01,,,10,10,02,4,E7,"nan,nan"
100,G100_B02_12,111000212,933000320978254,RC,G99_B02_05,G99_B26_04,11/14/2023 9:35:24,12/7/2023 9:57:40,12/7/2023 11:09:56,F,blackhood,05,A02,,,10,10,02,4,E7,"nan,nan"
100,G100_B02_13,111000213,933000320978264,LMRM,G99_B02_05,G99_B26_04,11/14/2023 9:35:24,12/7/2023 9:57:40,12/7/2023 11:13:23,F,brown,05,B02,,,10,10,02,3,E3,"nan,nan"
100,G100_B03_01,111000301,933000320978327,LT,G99_B02_07,G99_B24_02,11/13/2023 9:21:08,12/4/2023 9:34:45,12/4/2023 10:44:46,M,brownhood,02,A08,,,9,9,03,5,A5,"nan,nan"
100,G100_B03_02,111000302,933000320980731,LM,G99_B02_07,G99_B24_02,11/13/2023 9:21:08,12/4/2023 9:34:45,12/4/2023 10:44:46,M,brownhood,02,B08,,,9,9,03,5,A5,"nan,nan"
100,G100_B03_03,111000303,933000320978328,LB,G99_B02_07,G99_B24_02,11/13/2023 9:21:08,12/4/2023 9:34:45,12/4/2023 10:44:46,M,brownhood,02,C08,,,9,9,03,5,A5,"nan,nan"
100,G100_B03_09,111000309,933000320978348,RT,G99_B02_07,G99_B24_02,11/13/2023 9:21:08,12/4/2023 9:35:20,12/4/2023 10:49:54,F,brownhood,02,D08,,,9,9,03,5,B2,"nan,nan"
100,G100_B03_10,111000310,933000320946596,RM,G99_B02_07,G99_B24_02,11/13/2023 9:21:08,12/4/2023 9:35:20,12/4/2023 10:49:54,F,brownhood,02,E08,,,9,9,03,5,B2,"nan,nan"
100,G100_B03_11,111000311,933000320980733,RB,G99_B02_07,G99_B24_02,11/13/2023 9:21:08,12/4/2023 9:35:20,12/4/2023 10:49:54,F,brownhood,02,F08,,,9,9,03,5,B2,"nan,nan"
100,G100_B03_12,111000312,933000320980727,RC,G99_B02_07,G99_B24_02,11/13/2023 9:21:08,12/4/2023 9:35:20,12/4/2023 10:49:54,F,brownhood,02,G08,,,9,9,03,5,B2,"nan,nan"
100,G100_B03_13,111000313,933000320978346,LMRM,G99_B02_07,G99_B24_02,11/13/2023 9:21:08,12/4/2023 9:35:20,12/4/2023 10:53:01,F,brownhood,02,H08,,,9,9,03,5,B5,"nan,nan"
100,G100_B03_14,111000314,933000320978329,LBRB,G99_B02_07,G99_B24_02,11/13/2023 9:21:08,12/4/2023 9:35:20,12/4/2023 10:53:01,F,blackhood,02,A09,,,9,9,03,5,B5,"nan,nan"
100,G100_B04_01,111000401,933000320978204,LT,G99_B03_06,G99_B19_01,11/8/2023 11:11:53,11/29/2023 11:26:21,11/29/2023 12:20:44,M,brown,01,A01,,,8,8,04,6,A1,"only M from litter,nan"
100,G100_B04_09,111000409,933000320978206,RT,G99_B03_06,G99_B19_01,11/8/2023 11:11:53,11/29/2023 11:33:00,11/29/2023 12:26:26,F,albino,01,B01,,,8,8,04,6,B1,"nan,nan"
100,G100_B04_10,111000410,933000320978211,RM,G99_B03_06,G99_B19_01,11/8/2023 11:11:53,11/29/2023 11:33:00,11/29/2023 12:26:26,F,brownhood,01,C01,,,8,8,04,6,B1,"nan,nan"
100,G100_B04_11,111000411,933000320978212,RB,G99_B03_06,G99_B19_01,11/8/2023 11:11:53,11/29/2023 11:33:00,11/29/2023 12:26:26,F,brownhood,01,D01,,,8,8,04,6,B1,"nan,nan"
100,G100_B04_12,111000412,933000320978215,RC,G99_B03_06,G99_B19_01,11/8/2023 11:11:53,11/29/2023 11:33:00,11/29/2023 12:26:26,F,blackhood,01,E01,,,8,8,04,6,B1,"nan,nan"
100,G100_B04_13,111000413,933000320978210,LMRM,G99_B03_06,G99_B19_01,11/8/2023 11:11:53,11/29/2023 11:33:00,11/29/2023 12:35:19,F,brown,01,F01,,,8,8,04,6,C1,"nan,nan"
100,G100_B04_14,111000414,933000320978209,LBRB,G99_B03_06,G99_B19_01,11/8/2023 11:11:53,11/29/2023 11:33:00,11/29/2023 12:35:19,F,black,01,G01,,,8,8,04,6,C1,"nan,nan"
100,G100_B04_15,111000415,933000320978216,LCRC,G99_B03_06,G99_B19_01,11/8/2023 11:11:53,11/29/2023 11:33:00,11/29/2023 12:35:19,F,black,01,H01,,,8,8,04,6,C1,"nan,nan"
100,G100_B05_01,111000501,933000320978205,LT,G99_B03_07,G99_B23_03,11/8/2023 11:12:10,11/29/2023 11:38:31,11/29/2023 12:40:43,M,albino,01,A02,11/29/2023 11:39:20,3,10,13,05,6,D1,"nan,nan"
100,G100_B05_02,111000502,933000320978207,LM,G99_B03_07,G99_B23_03,11/8/2023 11:12:10,11/29/2023 11:38:31,11/29/2023 12:40:43,M,albino,01,B02,11/29/2023 11:39:20,3,10,13,05,6,D1,"nan,nan"
100,G100_B05_03,111000503,933000320978213,LB,G99_B03_07,G99_B23_03,11/8/2023 11:12:10,11/29/2023 11:38:31,11/29/2023 12:40:43,M,albino,01,C02,11/29/2023 11:39:20,3,10,13,05,6,D1,"nan,nan"
100,G100_B05_04,111000504,933000320978214,LC,G99_B03_07,G99_B23_03,11/8/2023 11:12:10,11/29/2023 11:38:31,11/29/2023 12:40:43,M,brownhood,01,D02,11/29/2023 11:39:20,3,10,13,05,6,D1,"nan,nan"
100,G100_B05_05,111000505,933000320946719,LTRT,G99_B03_07,G99_B23_03,11/8/2023 11:12:10,11/29/2023 11:38:31,11/29/2023 12:46:02,M,brownhood,01,E02,11/29/2023 11:39:20,3,10,13,05,6,E1,"nan,nan"
100,G100_B05_06,111000506,933000320978208,LTRM,G99_B03_07,G99_B23_03,11/8/2023 11:12:10,11/29/2023 11:38:31,11/29/2023 12:46:02,M,brown,01,F02,11/29/2023 11:39:20,3,10,13,05,6,E1,"nan,nan"
100,G100_B05_07,111000507,933000320946723,LTRB,G99_B03_07,G99_B23_03,11/8/2023 11:12:10,11/29/2023 11:38:31,11/29/2023 12:46:02,M,brown,01,G02,11/29/2023 11:39:20,3,10,13,05,6,E1,"nan,nan"
100,G100_B05_08,111000508,933000320946724,LTRC,G99_B03_07,G99_B23_03,11/8/2023 11:12:10,11/29/2023 11:38:31,11/29/2023 12:46:02,M,brown,01,H02,11/29/2023 11:39:20,3,10,13,05,6,E1,"nan,nan"
100,G100_B05_09,111000509,933000320978203,RT,G99_B03_07,G99_B23_03,11/8/2023 11:12:10,11/29/2023 11:39:14,11/29/2023 12:49:47,F,albino,01,A03,11/29/2023 11:39:20,3,10,13,05,6,A2,"nan,nan"
100,G100_B05_10,111000510,933000320978223,RM,G99_B03_07,G99_B23_03,11/8/2023 11:12:10,11/29/2023 11:39:14,11/29/2023 12:49:47,F,brownhood,01,B03,11/29/2023 11:39:20,3,10,13,05,6,A2,"nan,nan"
100,G100_B06_01,111000601,933000320978339,LT,G99_B05_07,G99_B60_02,11/13/2023 9:20:53,12/4/2023 9:36:59,12/4/2023 10:58:38,M,brownhood,02,B09,,,9,9,06,5,C2,"nan,nan"
100,G100_B06_02,111000602,933000320978345,LM,G99_B05_07,G99_B60_02,11/13/2023 9:20:53,12/4/2023 9:36:59,12/4/2023 10:58:38,M,blackhood,02,C09,,,9,9,06,5,C2,"nan,nan"
100,G100_B06_03,111000603,933000320978342,LB,G99_B05_07,G99_B60_02,11/13/2023 9:20:53,12/4/2023 9:36:59,12/4/2023 10:58:38,M,blackhood,02,D09,,,9,9,06,5,C2,"nan,nan"
100,G100_B06_04,111000604,933000320978340,LC,G99_B05_07,G99_B60_02,11/13/2023 9:20:53,12/4/2023 9:36:59,12/4/2023 10:58:38,M,brown,02,E09,,,9,9,06,5,C2,"nan,nan"
100,G100_B06_05,111000605,933000320978350,LTRT,G99_B05_07,G99_B60_02,11/13/2023 9:20:53,12/4/2023 9:36:59,12/4/2023 11:02:09,M,black,02,F09,,,9,9,06,5,C5,"nan,nan"
100,G100_B06_06,111000606,933000320978326,LTRM,G99_B05_07,G99_B60_02,11/13/2023 9:20:53,12/4/2023 9:36:59,12/4/2023 11:02:09,M,black,02,G09,,,9,9,06,5,C5,"nan,nan"
100,G100_B06_09,111000609,933000320978347,RT,G99_B05_07,G99_B60_02,11/13/2023 9:20:53,12/4/2023 9:37:30,12/4/2023 11:08:36,F,blackhood,02,H09,,,9,9,06,5,D5,"nan,nan"
100,G100_B06_10,111000610,933000320978349,RM,G99_B05_07,G99_B60_02,11/13/2023 9:20:53,12/4/2023 9:37:30,12/4/2023 11:08:36,F,blackhood,02,A10,,,9,9,06,5,D5,"nan,nan"
100,G100_B06_11,111000611,933000320978344,RB,G99_B05_07,G99_B60_02,11/13/2023 9:20:53,12/4/2023 9:37:30,12/4/2023 11:08:36,F,brown,02,B10,,,9,9,06,5,D5,"nan,nan"
100,G100_B08_01,111000801,933000320978101,LT,G99_B08_08,G99_B20_01,11/10/2023 9:13:08,12/1/2023 9:58:32,12/1/2023 11:25:11,M,brownhood,01,H09,,,9,9,08,6,A5,"nan,nan"
100,G100_B08_02,111000802,933000320978102,LM,G99_B08_08,G99_B20_01,11/10/2023 9:13:08,12/1/2023 9:58:32,12/1/2023 11:25:11,M,brownhood,01,A10,,,9,9,08,6,A5,"nan,nan"
100,G100_B08_03,111000803,933000320978169,LB,G99_B08_08,G99_B20_01,11/10/2023 9:13:08,12/1/2023 9:58:32,12/1/2023 11:25:11,M,brown,01,B10,,,9,9,08,6,A5,"nan,nan"
100,G100_B08_04,111000804,933000320978123,LC,G99_B08_08,G99_B20_01,11/10/2023 9:13:08,12/1/2023 9:58:32,12/1/2023 11:25:11,M,brown,01,C10,,,9,9,08,6,A5,"nan,nan"
100,G100_B08_05,111000805,933000320978120,LTRT,G99_B08_08,G99_B20_01,11/10/2023 9:13:08,12/1/2023 9:58:32,12/1/2023 11:27:56,M,black,01,D10,,,9,9,08,6,B5,"nan,nan"
100,G100_B08_06,111000806,933000320978166,LTRM,G99_B08_08,G99_B20_01,11/10/2023 9:13:08,12/1/2023 9:58:32,12/1/2023 11:27:56,M,black,01,E10,,,9,9,08,6,B5,"nan,nan"
100,G100_B08_09,111000809,933000320978165,RT,G99_B08_08,G99_B20_01,11/10/2023 9:13:08,12/1/2023 9:58:58,12/1/2023 11:31:36,F,blackhood,01,F10,,,9,9,08,6,C5,"nan,nan"
100,G100_B08_10,111000810,933000320978118,RM,G99_B08_08,G99_B20_01,11/10/2023 9:13:08,12/1/2023 9:58:58,12/1/2023 11:31:36,F,blackhood,01,G10,,,9,9,08,6,C5,"nan,nan"
100,G100_B08_11,111000811,933000320978124,RB,G99_B08_08,G99_B20_01,11/10/2023 9:13:08,12/1/2023 9:58:58,12/1/2023 11:31:36,F,black,01,H10,,,9,9,08,6,C5,"nan,nan"
100,G100_B09_01,111000901,933000320946717,LT,G99_B09_06,G99_B27_04,11/8/2023 11:12:19,11/29/2023 11:41:54,11/29/2023 12:55:16,M,albino,01,C03,,,12,12,09,6,B2,"nan,nan"
100,G100_B09_02,111000902,933000320946718,LM,G99_B09_06,G99_B27_04,11/8/2023 11:12:19,11/29/2023 11:41:54,11/29/2023 12:55:16,M,albino,01,D03,,,12,12,09,6,B2,"nan,nan"
100,G100_B09_03,111000903,933000320978194,LB,G99_B09_06,G99_B27_04,11/8/2023 11:12:19,11/29/2023 11:41:54,11/29/2023 12:55:16,M,blackhood,01,E03,,,12,12,09,6,B2,"nan,nan"
100,G100_B09_04,111000904,933000320978196,LC,G99_B09_06,G99_B27_04,11/8/2023 11:12:19,11/29/2023 11:41:54,11/29/2023 12:55:16,M,black,01,F03,,,12,12,09,6,B2,"nan,nan"
100,G100_B09_05,111000905,933000320978220,LTRT,G99_B09_06,G99_B27_04,11/8/2023 11:12:19,11/29/2023 11:41:54,11/29/2023 13:00:23,M,black,01,G03,,,12,12,09,6,A1,"nan,nan"
100,G100_B09_06,111000906,933000320978221,LTRM,G99_B09_06,G99_B27_04,11/8/2023 11:12:19,11/29/2023 11:41:54,11/29/2023 13:00:23,M,black,01,H03,,,12,12,09,6,A1,"nan,nan"
100,G100_B09_09,111000909,933000320978198,RT,G99_B09_06,G99_B27_04,11/8/2023 11:12:19,11/29/2023 11:42:55,11/29/2023 13:05:59,F,brownhood,01,A04,,,12,12,09,6,C2,"nan,nan"
100,G100_B09_10,111000910,933000320978197,RM,G99_B09_06,G99_B27_04,11/8/2023 11:12:19,11/29/2023 11:42:55,11/29/2023 13:05:59,F,brownhood,01,B04,,,12,12,09,6,C2,"nan,nan"
100,G100_B09_11,111000911,933000320978200,RB,G99_B09_06,G99_B27_04,11/8/2023 11:12:19,11/29/2023 11:42:55,11/29/2023 13:05:59,F,brownhood,01,C04,,,12,12,09,6,C2,"nan,nan"
100,G100_B09_12,111000912,933000320946712,RC,G99_B09_06,G99_B27_04,11/8/2023 11:12:19,11/29/2023 11:42:55,11/29/2023 13:05:59,F,blackhood,01,D04,,,12,12,09,6,C2,"nan,nan"
100,G100_B09_13,111000913,933000320978222,LMRM,G99_B09_06,G99_B27_04,11/8/2023 11:12:19,11/29/2023 11:42:55,11/29/2023 13:09:32,F,black,01,E04,,,12,12,09,6,A2,"nan,nan"
100,G100_B09_14,111000914,933000320946725,LBRB,G99_B09_06,G99_B27_04,11/8/2023 11:12:19,11/29/2023 11:42:55,11/29/2023 13:09:32,F,black,01,F04,,,12,12,09,6,A2,"nan,nan"
100,G100_B10_01,111001001,933000320980700,LT,G99_B10_07,G99_B67_03,11/10/2023 9:13:14,12/1/2023 10:00:46,12/1/2023 12:10:14,M,albino,01,A11,,,8,8,10,6,D5,"nan,nan"
100,G100_B10_02,111001002,933000320980693,LM,G99_B10_07,G99_B67_03,11/10/2023 9:13:14,12/1/2023 10:00:46,12/1/2023 12:10:14,M,blackhood,01,B11,,,8,8,10,6,D5,"nan,nan"
100,G100_B10_03,111001003,933000320980699,LB,G99_B10_07,G99_B67_03,11/10/2023 9:13:14,12/1/2023 10:00:46,12/1/2023 12:10:14,M,blackhood,01,C11,,,8,8,10,6,D5,"nan,nan"
100,G100_B10_04,111001004,933000320980696,LC,G99_B10_07,G99_B67_03,11/10/2023 9:13:14,12/1/2023 10:00:46,12/1/2023 12:10:14,M,blackhood,01,D11,,,8,8,10,6,D5,"nan,nan"
100,G100_B10_05,111001005,933000320978116,LTRT,G99_B10_07,G99_B67_03,11/10/2023 9:13:14,12/1/2023 10:00:46,12/1/2023 12:12:59,M,black,01,E11,,,8,8,10,6,E4,"nan,nan"
100,G100_B10_09,111001009,933000320980692,RT,G99_B10_07,G99_B67_03,11/10/2023 9:13:14,12/1/2023 10:01:14,12/1/2023 12:17:21,F,albino,01,F11,,,8,8,10,6,E5,"nan,nan"
100,G100_B10_10,111001010,933000320980698,RM,G99_B10_07,G99_B67_03,11/10/2023 9:13:14,12/1/2023 10:01:14,12/1/2023 12:17:21,F,blackhood,01,G11,,,8,8,10,6,E5,"nan,nan"
100,G100_B10_11,111001011,933000320980694,RB,G99_B10_07,G99_B67_03,11/10/2023 9:13:14,12/1/2023 10:01:14,12/1/2023 12:17:21,F,black,01,H11,,,8,8,10,6,E5,"nan,nan"
100,G100_B12_01,111001201,933000320947020,LT,G99_B12_06,G99_B28_02,11/20/2023 10:48:56,12/11/2023 13:36:30,12/11/2023 13:53:41,M,brownhood,06,E05,,,9,9,12,3,C6,"unsure sex,nan"
100,G100_B12_02,111001202,933000320947024,LM,G99_B12_06,G99_B28_02,11/20/2023 10:48:56,12/11/2023 13:36:30,12/11/2023 13:53:41,M,blackhood,06,F05,,,9,9,12,3,C6,"nan,nan"
100,G100_B12_03,111001203,933000320947009,LB,G99_B12_06,G99_B28_02,11/20/2023 10:48:56,12/11/2023 13:36:30,12/11/2023 13:53:41,M,blackhood,06,G05,,,9,9,12,3,C6,"nan,nan"
100,G100_B12_04,111001204,933000320947016,LC,G99_B12_06,G99_B28_02,11/20/2023 10:48:56,12/11/2023 13:36:30,12/11/2023 13:53:41,M,brown,06,H05,,,9,9,12,3,C6,"nan,nan"
100,G100_B12_05,111001205,933000320947019,LTRT,G99_B12_06,G99_B28_02,11/20/2023 10:48:56,12/11/2023 13:36:30,12/11/2023 13:56:08,M,brown,06,A06,,,9,9,12,3,B7,"nan,nan"
100,G100_B12_06,111001206,933000320947023,LTRM,G99_B12_06,G99_B28_02,11/20/2023 10:48:56,12/11/2023 13:36:30,12/11/2023 13:56:08,M,brown,06,B06,,,9,9,12,3,B7,"nan,nan"
100,G100_B12_09,111001209,933000320947025,RT,G99_B12_06,G99_B28_02,11/20/2023 10:48:56,12/11/2023 13:36:55,12/11/2023 13:59:57,F,brownhood,06,C06,,,9,9,12,3,D6,"nan,nan"
100,G100_B12_10,111001210,933000320947012,RM,G99_B12_06,G99_B28_02,11/20/2023 10:48:56,12/11/2023 13:36:55,12/11/2023 13:59:57,F,brownhood,06,D06,,,9,9,12,3,D6,"nan,nan"
100,G100_B12_11,111001211,933000320947006,RB,G99_B12_06,G99_B28_02,11/20/2023 10:48:56,12/11/2023 13:36:55,12/11/2023 13:59:57,F,brown,06,E06,,,9,9,12,3,D6,"nan,DEFORMITY, ACTUALLY LB"
100,G100_B13_01,111001301,933000320978173,LT,G99_B13_06,G99_B50_04,11/10/2023 9:13:23,12/1/2023 10:05:27,12/1/2023 12:24:01,M,albino,01,A12,12/1/2023 10:05:49,2,9,11,13,6,A6,"nan,nan"
100,G100_B13_02,111001302,933000320978157,LM,G99_B13_06,G99_B50_04,11/10/2023 9:13:23,12/1/2023 10:05:27,12/1/2023 12:24:01,M,albino,01,B12,12/1/2023 10:05:49,2,9,11,13,6,A6,"nan,nan"
100,G100_B13_03,111001303,933000320978135,LB,G99_B13_06,G99_B50_04,11/10/2023 9:13:23,12/1/2023 10:05:27,12/1/2023 12:24:01,M,brownhood,01,C12,12/1/2023 10:05:49,2,9,11,13,6,A6,"nan,nan"
100,G100_B13_04,111001304,933000320978150,LC,G99_B13_06,G99_B50_04,11/10/2023 9:13:23,12/1/2023 10:05:27,12/1/2023 12:24:01,M,brownhood,01,D12,12/1/2023 10:05:49,2,9,11,13,6,A6,"nan,nan"
100,G100_B13_05,111001305,933000320978175,LTRT,G99_B13_06,G99_B50_04,11/10/2023 9:13:23,12/1/2023 10:05:27,12/1/2023 12:28:06,M,brownhood,01,E12,12/1/2023 10:05:49,2,9,11,13,6,B5,"nan,nan"
100,G100_B13_06,111001306,933000320978121,LTRM,G99_B13_06,G99_B50_04,11/10/2023 9:13:23,12/1/2023 10:05:27,12/1/2023 12:28:06,M,brownhood,01,F12,12/1/2023 10:05:49,2,9,11,13,6,B5,"nan,neck wound - treating"
100,G100_B13_09,111001309,933000320978115,RT,G99_B13_06,G99_B50_04,11/10/2023 9:13:23,12/1/2023 10:06:19,12/1/2023 12:34:57,F,albino,01,G12,12/1/2023 10:05:49,2,9,11,13,5,B1,"nan,nan"
100,G100_B13_10,111001310,933000320978145,RM,G99_B13_06,G99_B50_04,11/10/2023 9:13:23,12/1/2023 10:06:19,12/1/2023 12:34:57,F,albino,01,H12,12/1/2023 10:05:49,2,9,11,13,5,B1,"nan,nan"
100,G100_B13_11,111001311,933000320978174,RB,G99_B13_06,G99_B50_04,11/10/2023 9:13:23,12/1/2023 10:06:19,12/1/2023 12:34:57,F,brownhood,02,A01,12/1/2023 10:05:49,2,9,11,13,5,B1,"nan,nan"
100,G100_B14_01,111001401,933000320978217,LT,G99_B14_08,G99_B31_02,11/8/2023 11:12:24,11/29/2023 11:44:16,11/29/2023 13:14:18,M,blackhood,01,G04,,,10,10,14,6,D2,"nan,nan"
100,G100_B14_02,111001402,933000320978219,LM,G99_B14_08,G99_B31_02,11/8/2023 11:12:24,11/29/2023 11:44:16,11/29/2023 13:14:18,M,brown,01,H04,,,10,10,14,6,D2,"nan,nan"
100,G100_B14_03,111001403,933000320978224,LB,G99_B14_08,G99_B31_02,11/8/2023 11:12:24,11/29/2023 11:44:16,11/29/2023 13:14:18,M,brown,01,A05,,,10,10,14,6,D2,"nan,nan"
100,G100_B14_04,111001404,933000320978218,LC,G99_B14_08,G99_B31_02,11/8/2023 11:12:24,11/29/2023 11:44:16,11/29/2023 13:14:18,M,brown,01,B05,,,10,10,14,6,D2,"nan,nan"
100,G100_B14_09,111001409,933000320978225,RT,G99_B14_08,G99_B31_02,11/8/2023 11:12:24,11/29/2023 11:44:50,11/29/2023 13:20:55,F,albino,01,C05,,,10,10,14,6,E2,"nan,nan"
100,G100_B14_10,111001410,933000320946713,RM,G99_B14_08,G99_B31_02,11/8/2023 11:12:24,11/29/2023 11:44:50,11/29/2023 13:20:55,F,albino,01,D05,,,10,10,14,6,E2,"nan,nan"
100,G100_B14_11,111001411,933000320946720,RB,G99_B14_08,G99_B31_02,11/8/2023 11:12:24,11/29/2023 11:44:50,11/29/2023 13:20:55,F,albino,01,E05,,,10,10,14,6,E2,"nan,nan"
100,G100_B14_12,111001412,933000320978202,RC,G99_B14_08,G99_B31_02,11/8/2023 11:12:24,11/29/2023 11:44:50,11/29/2023 13:20:55,F,brownhood,01,H05,,,10,10,14,6,E2,"nan,nan"
100,G100_B14_13,111001413,933000320978199,LMRM,G99_B14_08,G99_B31_02,11/8/2023 11:12:24,11/29/2023 11:44:50,11/29/2023 13:32:04,F,brownhood,01,G05,,,10,10,14,6,A3,"nan,nan"
100,G100_B14_14,111001414,933000320946716,LBRB,G99_B14_08,G99_B31_02,11/8/2023 11:12:24,11/29/2023 11:44:50,11/29/2023 13:32:04,F,blackhood,01,F05,,,10,10,14,6,A3,"nan,actually LMRC"
100,G100_B15_01,111001501,933000320978142,LT,G99_B15_08,G99_B48_01,11/10/2023 9:13:32,12/1/2023 10:07:48,12/1/2023 12:42:35,M,albino,02,B01,,,7,7,15,6,B6,"nan,nan"
100,G100_B15_02,111001502,933000320978133,LM,G99_B15_08,G99_B48_01,11/10/2023 9:13:32,12/1/2023 10:07:48,12/1/2023 12:42:35,M,albino,02,C01,,,7,7,15,6,B6,"nan,nan"
100,G100_B15_03,111001503,933000320978126,LB,G99_B15_08,G99_B48_01,11/10/2023 9:13:32,12/1/2023 10:07:48,12/1/2023 12:42:35,M,albino,02,D01,,,7,7,15,6,B6,"nan,nan"
100,G100_B15_04,111001504,933000320978132,LC,G99_B15_08,G99_B48_01,11/10/2023 9:13:32,12/1/2023 10:07:48,12/1/2023 12:42:35,M,brown,02,E01,,,7,7,15,6,B6,"nan,nan"
100,G100_B15_05,111001505,933000320980687,LTRT,G99_B15_08,G99_B48_01,11/10/2023 9:13:32,12/1/2023 10:08:13,12/1/2023 12:44:51,F,black,02,F01,,,7,7,15,6,C6,"nan,nan"
100,G100_B15_09,111001509,933000320980686,RT,G99_B15_08,G99_B48_01,11/10/2023 9:13:32,12/1/2023 10:08:13,12/1/2023 12:49:47,F,black,02,G01,,,7,7,15,6,D6,"nan,nan"
100,G100_B15_10,111001510,933000320978114,RM,G99_B15_08,G99_B48_01,11/10/2023 9:13:32,12/1/2023 10:08:13,12/1/2023 12:49:47,F,black,02,H01,,,7,7,15,6,D6,"nan,nan"
100,G100_B16_01,111001601,933000320978191,LT,G99_B17_06,G99_B40_01,11/9/2023 10:00:50,11/30/2023 9:49:19,11/30/2023 10:16:27,M,albino,01,A06,,,9,9,16,6,B3,"nan,nan"
100,G100_B16_02,111001602,933000320978192,LM,G99_B17_06,G99_B40_01,11/9/2023 10:00:50,11/30/2023 9:49:19,11/30/2023 10:16:27,M,albino,01, B06,,,9,9,16,6,B3,"nan,nan"
100,G100_B16_03,111001603,933000320978193,LB,G99_B17_06,G99_B40_01,11/9/2023 10:00:50,11/30/2023 9:49:19,11/30/2023 10:16:27,M,blackhood,01,C06,,,9,9,16,6,B3,"nan,nan"
100,G100_B16_04,111001604,933000320978195,LC,G99_B17_06,G99_B40_01,11/9/2023 10:00:50,11/30/2023 9:49:19,11/30/2023 10:16:27,M,black,01,D06,,,9,9,16,6,B3,"nan,nan"
100,G100_B16_05,111001605,933000320978176,LTRT,G99_B17_06,G99_B40_01,11/9/2023 10:00:50,11/30/2023 9:49:19,11/30/2023 10:19:47,M,black,01,E06,,,9,9,16,6,C3,"nan,nan"
100,G100_B16_06,111001606,933000320978177,LTRM,G99_B17_06,G99_B40_01,11/9/2023 10:00:50,11/30/2023 9:49:19,11/30/2023 10:19:47,M,black,01,F06,,,9,9,16,6,C3,"nan,nan"
100,G100_B16_09,111001609,933000320978184,RT,G99_B17_06,G99_B40_01,11/9/2023 10:00:50,11/30/2023 9:49:52,11/30/2023 10:24:59,F,albino,01,G06,,,9,9,16,6,D3,"nan,nan"
100,G100_B16_10,111001610,933000320978186,RM,G99_B17_06,G99_B40_01,11/9/2023 10:00:50,11/30/2023 9:49:52,11/30/2023 10:24:59,F,albino,01,H06,,,9,9,16,6,D3,"nan,ACTUALLY LMRM"
100,G100_B16_11,111001611,933000320978183,RB,G99_B17_06,G99_B40_01,11/9/2023 10:00:50,11/30/2023 9:49:52,11/30/2023 10:24:59,F,black,01,A07,,,9,9,16,6,D3,"nan,nan"
100,G100_B17_01,111001701,933000320978316,LT,G99_B18_06,G99_B65_02,11/13/2023 9:24:27,12/5/2023 9:55:46,12/5/2023 11:07:09,M,albino,03,E05,,,8,8,17,5,B6,"nan,nan"
100,G100_B17_02,111001702,933000320978317,LM,G99_B18_06,G99_B65_02,11/13/2023 9:24:27,12/5/2023 9:55:46,12/5/2023 11:07:09,M,blackhood,03,F05,,,8,8,17,5,B6,"nan,neck wound - treating"
100,G100_B17_03,111001703,933000320978320,LB,G99_B18_06,G99_B65_02,11/13/2023 9:24:27,12/5/2023 9:55:46,12/5/2023 11:07:09,M,brown,03,G05,,,8,8,17,5,B6,"nan,nan"
100,G100_B17_04,111001704,933000320978321,LC,G99_B18_06,G99_B65_02,11/13/2023 9:24:27,12/5/2023 9:55:46,12/5/2023 11:07:09,M,brown,03,H05,,,8,8,17,5,B6,"nan,neck wound - euthanized"
100,G100_B17_05,111001705,933000320978303,LTRT,G99_B18_06,G99_B65_02,11/13/2023 9:24:27,12/5/2023 9:55:46,12/5/2023 11:08:22,M,black,03,A06,,,8,8,17,4,E2,"nan,nan"
100,G100_B17_09,111001709,933000320978313,RT,G99_B18_06,G99_B65_02,11/13/2023 9:24:27,12/5/2023 9:56:28,12/5/2023 11:14:35,F,brownhood,03,B06,,,8,8,17,5,C6,"nan,nan"
100,G100_B17_10,111001710,933000320978314,RM,G99_B18_06,G99_B65_02,11/13/2023 9:24:27,12/5/2023 9:56:28,12/5/2023 11:14:35,F,brownhood,03,C06,,,8,8,17,5,C6,"nan,nan"
100,G100_B17_11,111001711,933000320978315,RB,G99_B18_06,G99_B65_02,11/13/2023 9:24:27,12/5/2023 9:56:28,12/5/2023 11:14:35,F,blackhood,03,D06,,,8,8,17,5,C6,"nan,nan"
100,G100_B18_01,111001801,933000320978187,LT,G99_B18_08,G99_B52_03,11/9/2023 10:00:57,11/30/2023 9:52:52,11/30/2023 10:32:16,M,brownhood,01,B07,,,11,11,18,6,E3,"nan,nan"
100,G100_B18_02,111001802,933000320978188,LM,G99_B18_08,G99_B52_03,11/9/2023 10:00:57,11/30/2023 9:52:52,11/30/2023 10:32:16,M,brownhood,01,C07,,,11,11,18,6,E3,"nan,nan"
100,G100_B18_03,111001803,933000320978190,LB,G99_B18_08,G99_B52_03,11/9/2023 10:00:57,11/30/2023 9:52:52,11/30/2023 10:32:16,M,blackhood,01,E07,,,11,11,18,6,E3,"nan,nan"
100,G100_B18_04,111001804,933000320978189,LC,G99_B18_08,G99_B52_03,11/9/2023 10:00:57,11/30/2023 9:52:52,11/30/2023 10:32:16,M,brown,01,D07,,,11,11,18,6,E3,"nan,ACTUALLY LBRB"
100,G100_B18_05,111001805,933000320978179,LTRT,G99_B18_08,G99_B52_03,11/9/2023 10:00:57,11/30/2023 9:52:52,11/30/2023 10:36:11,M,black,01,F07,,,11,11,18,6,A4,"nan,nan"
100,G100_B18_06,111001806,933000320980679,LTRM,G99_B18_08,G99_B52_03,11/9/2023 10:00:57,11/30/2023 9:52:52,11/30/2023 10:36:11,M,black,01,G07,,,11,11,18,6,A4,"nan,nan"
100,G100_B18_09,111001809,933000320978178,RT,G99_B18_08,G99_B52_03,11/9/2023 10:00:57,11/30/2023 9:53:33,11/30/2023 10:40:59,F,brownhood,01,H07,,,11,11,18,6,B4,"nan,nan"
100,G100_B18_10,111001810,933000320980683,RM,G99_B18_08,G99_B52_03,11/9/2023 10:00:57,11/30/2023 9:53:33,11/30/2023 10:40:59,F,brownhood,01,A08,,,11,11,18,6,B4,"nan,nan"
100,G100_B18_11,111001811,933000320980682,RB,G99_B18_08,G99_B52_03,11/9/2023 10:00:57,11/30/2023 9:53:33,11/30/2023 10:40:59,F,brownhood,01,B08,,,11,11,18,6,B4,"nan,nan"
100,G100_B18_12,111001812,933000320980680,RC,G99_B18_08,G99_B52_03,11/9/2023 10:00:57,11/30/2023 9:53:33,11/30/2023 10:40:59,F,blackhood,01,C08,,,11,11,18,6,B4,"nan,nan"
100,G100_B18_13,111001813,933000320980678,LMRM,G99_B18_08,G99_B52_03,11/9/2023 10:00:57,11/30/2023 9:53:33,11/30/2023 10:44:31,F,brown,01,D08,,,11,11,18,6,C4,"nan,nan"
100,G100_B19_01,111001901,933000320978201,LT,G99_B21_07,G99_B25_02,11/9/2023 10:01:05,11/30/2023 9:55:15,11/30/2023 10:46:15,M,albino,01,E08,,,8,8,19,6,A4,"only M from litter,nan"
100,G100_B19_09,111001909,933000320978182,RT,G99_B21_07,G99_B25_02,11/9/2023 10:01:05,11/30/2023 9:55:51,11/30/2023 10:54:47,F,albino,01,F08,,,8,8,19,6,D4,"nan,nan"
100,G100_B19_10,111001910,933000320978180,RM,G99_B21_07,G99_B25_02,11/9/2023 10:01:05,11/30/2023 9:55:51,11/30/2023 10:54:47,F,brownhood,01,G08,,,8,8,19,6,D4,"nan,nan"
100,G100_B19_11,111001911,933000320980677,RB,G99_B21_07,G99_B25_02,11/9/2023 10:01:05,11/30/2023 9:55:51,11/30/2023 10:54:47,F,brownhood,01,H08,,,8,8,19,6,D4,"nan,nan"
100,G100_B19_12,111001912,933000320978185,RC,G99_B21_07,G99_B25_02,11/9/2023 10:01:05,11/30/2023 9:55:51,11/30/2023 10:54:47,F,blackhood,01,A09,,,8,8,19,6,D4,"nan,nan"
100,G100_B19_13,111001913,933000320980697,LMRM,G99_B21_07,G99_B25_02,11/9/2023 10:01:05,11/30/2023 9:55:51,11/30/2023 10:58:54,F,brown,01,B09,,,8,8,19,6,C4,"nan,nan"
100,G100_B19_14,111001914,933000320980676,LBRB,G99_B21_07,G99_B25_02,11/9/2023 10:01:05,11/30/2023 9:55:51,11/30/2023 10:58:54,F,black,01,C09,,,8,8,19,6,C4,"nan,nan"
100,G100_B19_15,111001915,933000320978181,LCRC,G99_B21_07,G99_B25_02,11/9/2023 10:01:05,11/30/2023 9:55:51,11/30/2023 10:58:54,F,black,01,D09,,,8,8,19,6,C4,"nan,nan"
100,G100_B21_01,111002101,933000320881979,LT,G99_B22_07,G99_B61_04,11/22/2023 10:37:30,12/13/2023 10:58:27,12/13/2023 11:11:39,M,brownhood,07,A03,,,10,10,21,2,C1,"nan,nan"
100,G100_B21_02,111002102,933000320881986,LM,G99_B22_07,G99_B61_04,11/22/2023 10:37:30,12/13/2023 10:58:27,12/13/2023 11:11:39,M,brown,07,B03,,,10,10,21,2,C1,"nan,nan"
100,G100_B21_03,111002103,933000320881984,LB,G99_B22_07,G99_B61_04,11/22/2023 10:37:30,12/13/2023 10:58:27,12/13/2023 11:17:44,M,brown,07,C03,,,10,10,21,2,D1,"nan,nan"
100,G100_B21_04,111002104,933000320881988,LC,G99_B22_07,G99_B61_04,11/22/2023 10:37:30,12/13/2023 10:58:27,12/13/2023 11:17:44,M,brown,07,D03,,,10,10,21,2,D1,"nan,nan"
100,G100_B21_05,111002105,933000320881982,LTRT,G99_B22_07,G99_B61_04,11/22/2023 10:37:30,12/13/2023 10:58:27,12/13/2023 11:17:44,M,brown,07,E03,,,10,10,21,2,D1,"nan,nan"
100,G100_B21_09,111002109,933000320881980,RT,G99_B22_07,G99_B61_04,11/22/2023 10:37:30,12/13/2023 10:59:22,12/13/2023 11:25:20,F,brownhood,07,F03,,,10,10,21,2,E1,"nan,nan"
100,G100_B21_10,111002110,933000320881978,RM,G99_B22_07,G99_B61_04,11/22/2023 10:37:30,12/13/2023 10:59:22,12/13/2023 11:25:20,F,brownhood,07,G03,,,10,10,21,2,E1,"nan,nan"
100,G100_B21_11,111002111,933000320881985,RB,G99_B22_07,G99_B61_04,11/22/2023 10:37:30,12/13/2023 10:59:22,12/13/2023 11:25:20,F,brown,07,H03,,,10,10,21,2,E1,"nan,nan"
100,G100_B21_12,111002112,933000320881983,RC,G99_B22_07,G99_B61_04,11/22/2023 10:37:30,12/13/2023 10:59:22,12/13/2023 11:25:20,F,brown,07,A04,,,10,10,21,2,E1,"nan,nan"
100,G100_B21_13,111002113,933000320881987,LMRM,G99_B22_07,G99_B61_04,11/22/2023 10:37:30,12/13/2023 10:59:22,12/13/2023 11:28:27,F,brown,07,B04,,,10,10,21,2,B1,"nan,nan"
100,G100_B22_01,111002201,933000320978146,LT,G99_B24_05,G99_B44_04,11/10/2023 9:13:50,12/1/2023 10:09:39,12/1/2023 13:21:06,M,blackhood,02,A02,,,8,8,22,6,E6,"nan,nan"
100,G100_B22_02,111002202,933000320978140,LM,G99_B24_05,G99_B44_04,11/10/2023 9:13:50,12/1/2023 10:09:39,12/1/2023 13:21:06,M,brown,02,B02,,,8,8,22,6,E6,"nan,nan"
100,G100_B22_03,111002203,933000320978130,LB,G99_B24_05,G99_B44_04,11/10/2023 9:13:50,12/1/2023 10:09:39,12/1/2023 13:21:06,M,brown,02,C02,,,8,8,22,6,E6,"nan,nan"
100,G100_B22_04,111002204,933000320978129,LC,G99_B24_05,G99_B44_04,11/10/2023 9:13:50,12/1/2023 10:09:39,12/1/2023 13:21:06,M,black,02,D02,,,8,8,22,6,E6,"nan,nan"
100,G100_B22_09,111002209,933000320978128,RT,G99_B24_05,G99_B44_04,11/10/2023 9:13:50,12/1/2023 10:10:18,12/1/2023 13:26:26,F,brownhood,02,E02,,,8,8,22,6,A7,"nan,nan"
100,G100_B22_10,111002210,933000320978155,RM,G99_B24_05,G99_B44_04,11/10/2023 9:13:50,12/1/2023 10:10:18,12/1/2023 13:26:26,F,blackhood,02,F02,,,8,8,22,6,A7,"nan,nan"
100,G100_B22_11,111002211,933000320978154,RB,G99_B24_05,G99_B44_04,11/10/2023 9:13:50,12/1/2023 10:10:18,12/1/2023 13:26:26,F,brown,02,G02,,,8,8,22,6,A7,"nan,nan"
100,G100_B22_12,111002212,933000320978122,RC,G99_B24_05,G99_B44_04,11/10/2023 9:13:50,12/1/2023 10:10:18,12/1/2023 13:26:26,F,brown,02,H02,,,8,8,22,6,A7,"nan,nan"
100,G100_B23_01,111002301,933000320978343,LT,G99_B25_08,G99_B35_03,11/13/2023 9:21:01,12/4/2023 9:39:07,12/4/2023 11:13:34,M,albino,02,C10,,,10,10,23,5,D2,"nan,nan"
100,G100_B23_02,111002302,933000320978334,LM,G99_B25_08,G99_B35_03,11/13/2023 9:21:01,12/4/2023 9:39:07,12/4/2023 11:13:34,M,brownhood,02,D10,,,10,10,23,5,D2,"nan,nan"
100,G100_B23_03,111002303,933000320978333,LB,G99_B25_08,G99_B35_03,11/13/2023 9:21:01,12/4/2023 9:39:07,12/4/2023 11:13:34,M,brownhood,02,E10,,,10,10,23,5,D2,"nan,nan"
100,G100_B23_04,111002304,933000320978335,LC,G99_B25_08,G99_B35_03,11/13/2023 9:21:01,12/4/2023 9:39:07,12/4/2023 11:13:34,M,brownhood,02,F10,,,10,10,23,5,D2,"nan,nan"
100,G100_B23_09,111002309,933000320980738,RT,G99_B25_08,G99_B35_03,11/13/2023 9:21:01,12/4/2023 9:39:42,12/4/2023 11:21:02,F,albino,02,G10,,,10,10,23,5,E2,"nan,nan"
100,G100_B23_10,111002310,933000320980737,RM,G99_B25_08,G99_B35_03,11/13/2023 9:21:01,12/4/2023 9:39:42,12/4/2023 11:21:02,F,albino,02,H10,,,10,10,23,5,E2,"nan,nan"
100,G100_B23_11,111002311,933000320980750,RB,G99_B25_08,G99_B35_03,11/13/2023 9:21:01,12/4/2023 9:39:42,12/4/2023 11:21:02,F,blackhood,02,A11,,,10,10,23,5,E2,"nan,nan"
100,G100_B23_12,111002312,933000320980736,RC,G99_B25_08,G99_B35_03,11/13/2023 9:21:01,12/4/2023 9:39:42,12/4/2023 11:21:02,F,blackhood,02,B11,,,10,10,23,5,E2,"nan,nan"
100,G100_B23_13,111002313,933000320978338,LMRM,G99_B25_08,G99_B35_03,11/13/2023 9:21:01,12/4/2023 9:39:42,12/4/2023 11:24:51,F,blackhood,02,C11,,,10,10,23,5,B5,"nan,nan"
100,G100_B23_14,111002314,933000320980728,LBRB,G99_B25_08,G99_B35_03,11/13/2023 9:21:01,12/4/2023 9:39:42,12/4/2023 11:24:51,F,blackhood,02,D11,,,10,10,23,5,B5,"nan,nan"
100,G100_B24_01,111002401,933000320881990,LT,G99_B27_06,G99_B62_02,11/21/2023 10:44:28,12/12/2023 10:26:55,12/12/2023 10:46:17,M,brownhood,07,A01,,,7,7,24,3,C7,"nan,nan"
100,G100_B24_02,111002402,933000320881989,LM,G99_B27_06,G99_B62_02,11/21/2023 10:44:28,12/12/2023 10:26:55,12/12/2023 10:46:17,M,brownhood,07,B01,,,7,7,24,3,C7,"nan,nan"
100,G100_B24_03,111002403,933000320881992,LB,G99_B27_06,G99_B62_02,11/21/2023 10:44:28,12/12/2023 10:26:55,12/12/2023 10:46:17,M,brownhood,07,C01,,,7,7,24,3,C7,"nan,nan"
100,G100_B24_04,111002404,933000320947015,LC,G99_B27_06,G99_B62_02,11/21/2023 10:44:28,12/12/2023 10:26:55,12/12/2023 10:46:17,M,brownhood,07,D01,,,7,7,24,3,C7,"nan,nan"
100,G100_B24_09,111002409,933000320947003,RT,G99_B27_06,G99_B62_02,11/21/2023 10:44:28,12/12/2023 10:27:28,12/12/2023 10:54:25,F,brownhood,07,E01,,,7,7,24,3,D7,"nan,nan"
100,G100_B24_10,111002410,933000320881993,RM,G99_B27_06,G99_B62_02,11/21/2023 10:44:28,12/12/2023 10:27:28,12/12/2023 10:54:25,F,brownhood,07,F01,,,7,7,24,3,D7,"nan,nan"
100,G100_B24_11,111002411,933000320881997,RB,G99_B27_06,G99_B62_02,11/21/2023 10:44:28,12/12/2023 10:27:28,12/12/2023 10:54:25,F,brownhood,07,G01,,,7,7,24,3,D7,"nan,nan"
100,G100_B25_01,111002501,933000320978304,LT,G99_B28_08,G99_B12_02,11/11/2023 10:00:02,12/5/2023 9:59:00,12/5/2023 11:20:52,M,albino,03,E06,,,9,9,25,5,D6,"nan,nan"
100,G100_B25_02,111002502,933000320978305,LM,G99_B28_08,G99_B12_02,11/11/2023 10:00:02,12/5/2023 9:59:00,12/5/2023 11:20:52,M,albino,03,F06,,,9,9,25,5,D6,"nan,nan"
100,G100_B25_03,111002503,933000320978309,LB,G99_B28_08,G99_B12_02,11/11/2023 10:00:02,12/5/2023 9:59:00,12/5/2023 11:20:52,M,albino,03,G06,,,9,9,25,5,D6,"nan,nan"
100,G100_B25_04,111002504,933000320978308,LC,G99_B28_08,G99_B12_02,11/11/2023 10:00:02,12/5/2023 9:59:00,12/5/2023 11:20:52,M,blackhood,03,H06,,,9,9,25,5,D6,"nan,nan"
100,G100_B25_05,111002505,933000320978310,LTRT,G99_B28_08,G99_B12_02,11/11/2023 10:00:02,12/5/2023 9:59:00,12/5/2023 11:24:03,M,black,03,A07,,,9,9,25,4,A3,"nan,nan"
100,G100_B25_06,111002506,933000320978312,LTRM,G99_B28_08,G99_B12_02,11/11/2023 10:00:02,12/5/2023 9:59:00,12/5/2023 11:24:03,M,black,03,B07,,,9,9,25,4,A3,"nan,nan"
100,G100_B25_09,111002509,933000320978319,RT,G99_B28_08,G99_B12_02,11/11/2023 10:00:02,12/5/2023 9:59:25,12/5/2023 11:27:35,F,blackhood,03,C07,,,9,9,25,5,E6,"nan,nan"
100,G100_B25_10,111002510,933000320978322,RM,G99_B28_08,G99_B12_02,11/11/2023 10:00:02,12/5/2023 9:59:25,12/5/2023 11:27:35,F,blackhood,03,D07,,,9,9,25,5,E6,"nan,nan"
100,G100_B25_11,111002511,933000320978278,RB,G99_B28_08,G99_B12_02,11/11/2023 10:00:02,12/5/2023 9:59:25,12/5/2023 11:27:35,F,black,03,E07,,,9,9,25,5,E6,"nan,nan"
100,G100_B26_01,111002601,933000320980746,LT,G99_B29_05,G99_B69_03,11/10/2023 10:49:13,12/4/2023 9:41:58,12/4/2023 11:32:08,M,brownhood,02,E11,,,10,10,26,5,A3,"nan,VERY SMALL"
100,G100_B26_02,111002602,933000320980734,LM,G99_B29_05,G99_B69_03,11/10/2023 10:49:13,12/4/2023 9:41:58,12/4/2023 11:32:08,M,brownhood,02,F11,,,10,10,26,5,A3,"nan,nan"
100,G100_B26_03,111002603,933000320980735,LB,G99_B29_05,G99_B69_03,11/10/2023 10:49:13,12/4/2023 9:41:58,12/4/2023 11:32:08,M,brownhood,02,G11,,,10,10,26,5,A3,"nan,nan"
100,G100_B26_04,111002604,933000320980739,LC,G99_B29_05,G99_B69_03,11/10/2023 10:49:13,12/4/2023 9:41:58,12/4/2023 11:32:08,M,brownhood,02,H11,,,10,10,26,5,A3,"nan,nan"
100,G100_B26_05,111002605,933000320980743,LTRT,G99_B29_05,G99_B69_03,11/10/2023 10:49:13,12/4/2023 9:41:58,12/4/2023 11:34:52,M,brown,02,A12,,,10,10,26,5,A5,"nan,nan"
100,G100_B26_09,111002609,933000320980726,RT,G99_B29_05,G99_B69_03,11/10/2023 10:49:13,12/4/2023 9:42:44,12/4/2023 11:39:25,F,brownhood,02,B12,,,10,10,26,5,B3,"nan,nan"
100,G100_B26_10,111002610,933000320980741,RM,G99_B29_05,G99_B69_03,11/10/2023 10:49:13,12/4/2023 9:42:44,12/4/2023 11:39:25,F,brownhood,02,C12,,,10,10,26,5,B3,"nan,nan"
100,G100_B26_11,111002611,933000320980740,RB,G99_B29_05,G99_B69_03,11/10/2023 10:49:13,12/4/2023 9:42:44,12/4/2023 11:39:25,F,brown,02,D12,,,10,10,26,5,B3,"nan,nan"
100,G100_B26_12,111002612,933000320980730,RC,G99_B29_05,G99_B69_03,11/10/2023 10:49:13,12/4/2023 9:42:44,12/4/2023 11:39:25,F,brown,02,E12,,,10,10,26,5,B3,"nan,nan"
100,G100_B26_13,111002613,933000320980748,LMRM,G99_B29_05,G99_B69_03,11/10/2023 10:49:13,12/4/2023 9:42:44,12/4/2023 11:41:47,F,brown,02,F12,,,10,10,26,5,D5,"nan,nan"
100,G100_B27_01,111002701,933000320978141,LT,G99_B30_05,G99_B36_01,11/10/2023 9:13:56,12/1/2023 10:12:40,12/1/2023 13:30:39,M,blackhood,02,A03,,,8,8,27,6,C6,"nan,nan"
100,G100_B27_02,111002702,933000320978117,LM,G99_B30_05,G99_B36_01,11/10/2023 9:13:56,12/1/2023 10:12:40,12/1/2023 13:30:39,M,blackhood,02,B03,,,8,8,27,6,C6,"nan,nan"
100,G100_B27_03,111002703,933000320978153,LB,G99_B30_05,G99_B36_01,11/10/2023 9:13:56,12/1/2023 10:12:40,12/1/2023 13:30:39,M,blackhood,02,C03,,,8,8,27,6,C6,"nan,nan"
100,G100_B27_09,111002709,933000320978131,RT,G99_B30_05,G99_B36_01,11/10/2023 9:13:56,12/1/2023 10:13:10,12/1/2023 13:36:09,F,blackhood,02,D03,,,8,8,27,6,B7,"nan,nan"
100,G100_B27_10,111002710,933000320978108,RM,G99_B30_05,G99_B36_01,11/10/2023 9:13:56,12/1/2023 10:13:10,12/1/2023 13:36:09,F,blackhood,02,E03,,,8,8,27,6,B7,"nan,nan"
100,G100_B27_11,111002711,933000320978111,RB,G99_B30_05,G99_B36_01,11/10/2023 9:13:56,12/1/2023 10:13:10,12/1/2023 13:36:09,F,blackhood,02,F03,,,8,8,27,6,B7,"nan,nan"
100,G100_B27_12,111002712,933000320978107,RC,G99_B30_05,G99_B36_01,11/10/2023 9:13:56,12/1/2023 10:13:10,12/1/2023 13:36:09,F,blackhood,02,G03,,,8,8,27,6,B7,"nan,nan"
100,G100_B27_13,111002713,933000320978109,LMRM,G99_B30_05,G99_B36_01,11/10/2023 9:13:56,12/1/2023 10:13:10,12/1/2023 13:38:32,F,blackhood,02,H03,,,8,8,27,6,C5,"nan,nan"
100,G100_B28_01,111002801,933000320978136,LT,G99_B30_08,G99_B18_04,11/10/2023 9:14:02,12/1/2023 10:15:50,12/1/2023 13:42:18,M,brownhood,02,A04,,,8,8,28,6,C7,"nan,nan"
100,G100_B28_02,111002802,933000320978138,LM,G99_B30_08,G99_B18_04,11/10/2023 9:14:02,12/1/2023 10:15:50,12/1/2023 13:42:18,M,brown,02,B04,,,8,8,28,6,C7,"nan,nan"
100,G100_B28_03,111002803,933000320978139,LB,G99_B30_08,G99_B18_04,11/10/2023 9:14:02,12/1/2023 10:15:50,12/1/2023 13:42:18,M,black,02,C04,,,8,8,28,6,C7,"nan,nan"
100,G100_B28_09,111002809,933000320978103,RT,G99_B30_08,G99_B18_04,11/10/2023 9:14:02,12/1/2023 10:16:28,12/1/2023 13:48:35,F,brownhood,02,D04,,,8,8,28,6,D7,"nan,nan"
100,G100_B28_10,111002810,933000320978106,RM,G99_B30_08,G99_B18_04,11/10/2023 9:14:02,12/1/2023 10:16:28,12/1/2023 13:48:35,F,brown,02,E04,,,8,8,28,6,D7,"nan,nan"
100,G100_B28_11,111002811,933000320978104,RB,G99_B30_08,G99_B18_04,11/10/2023 9:14:02,12/1/2023 10:16:28,12/1/2023 13:48:35,F,black,02,F04,,,8,8,28,6,D7,"nan,nan"
100,G100_B28_12,111002812,933000320978105,RC,G99_B30_08,G99_B18_04,11/10/2023 9:14:02,12/1/2023 10:16:28,12/1/2023 13:48:35,F,black,02,G04,,,8,8,28,6,D7,"nan,nan"
100,G100_B28_13,111002813,933000320978127,LMRM,G99_B30_08,G99_B18_04,11/10/2023 9:14:02,12/1/2023 10:16:28,12/1/2023 13:50:56,F,black,02,H04,,,8,8,28,6,E5,"nan,nan"
100,G100_B29_01,111002901,933000320946565,LT,G99_B31_06,G99_B02_04,11/28/2023 10:32:12,12/19/2023 9:56:55,12/19/2023 10:25:04,M,albino,7,A09,,,10,10,29,2,C4,"nan,nan"
100,G100_B29_02,111002902,933000320946561,LM,G99_B31_06,G99_B02_04,11/28/2023 10:32:12,12/19/2023 9:56:55,12/19/2023 10:25:04,M,brownhood,,B09,,,10,10,29,2,C4,"nan,nan"
100,G100_B29_03,111002903,933000320946563,LB,G99_B31_06,G99_B02_04,11/28/2023 10:32:12,12/19/2023 9:56:55,12/19/2023 10:25:04,M,brownhood,07,C09,,,10,10,29,2,C4,"nan,nan"
100,G100_B29_09,111002909,933000320946557,RT,G99_B31_06,G99_B02_04,11/28/2023 10:32:12,12/19/2023 9:58:05,12/19/2023 10:35:54,F,albino,07,D09,,,10,10,29,2,D4,"nan,nan"
100,G100_B29_10,111002910,933000320946560,RM,G99_B31_06,G99_B02_04,11/28/2023 10:32:12,12/19/2023 9:58:05,12/19/2023 10:35:54,F,albino,07,E09,,,10,10,29,2,D4,"nan,nan"
100,G100_B29_11,111002911,933000320946555,RB,G99_B31_06,G99_B02_04,11/28/2023 10:32:12,12/19/2023 9:58:05,12/19/2023 10:35:54,F,albino,07,F09,,,10,10,29,2,D4,"nan,nan"
100,G100_B29_12,111002912,933000320946558,RC,G99_B31_06,G99_B02_04,11/28/2023 10:32:12,12/19/2023 9:58:05,12/19/2023 10:35:54,F,brownhood,07,G09,,,10,10,29,2,D4,"nan,nan"
100,G100_B29_13,111002913,933000320882100,LMRM,G99_B31_06,G99_B02_04,11/28/2023 10:32:12,12/19/2023 9:58:05,12/19/2023 10:49:56,F,brownhood,07,H09,,,10,10,29,2,E4,"nan,nan"
100,G100_B29_14,111002914,933000320882093,LBRB,G99_B31_06,G99_B02_04,11/28/2023 10:32:12,12/19/2023 9:58:05,12/19/2023 10:49:56,F,brownhood,07,A10,,,10,10,29,2,E4,"nan,nan"
100,G100_B29_15,111002915,933000320882096,LCRC,G99_B31_06,G99_B02_04,11/28/2023 10:32:12,12/19/2023 9:58:05,12/19/2023 10:49:56,F,blackhood,07,B10,,,10,10,29,2,E4,"nan,nan"
100,G100_B30_01,111003001,933000320946553,LT,G99_B32_06,G99_B01_02,11/23/2023 10:10:22,12/14/2023 9:50:02,12/14/2023 10:26:01,M,blackhood,07,C04,,,10,10,30,2,A2,"nan,nan"
100,G100_B30_02,111003002,933000320881981,LM,G99_B32_06,G99_B01_02,11/23/2023 10:10:22,12/14/2023 9:50:02,12/14/2023 10:26:01,M,blackhood,07,D04,,,10,10,30,2,A2,"nan,nan"
100,G100_B30_03,111003003,933000320881976,LB,G99_B32_06,G99_B01_02,11/23/2023 10:10:22,12/14/2023 9:50:02,12/14/2023 10:26:01,M,blackhood,07,E04,,,10,10,30,2,A2,"nan,nan"
100,G100_B30_04,111003004,933000320881977,LC,G99_B32_06,G99_B01_02,11/23/2023 10:10:22,12/14/2023 9:50:02,12/14/2023 10:26:01,M,blackhood,07,F04,,,10,10,30,2,A2,"nan,nan"
100,G100_B30_05,111003005,933000320946571,LTRT,G99_B32_06,G99_B01_02,11/23/2023 10:10:22,12/14/2023 9:50:02,12/14/2023 10:33:14,M,blackhood,07,G04,,,10,10,30,2,B2,"nan,nan"
100,G100_B30_06,111003006,933000320882123,LTRM,G99_B32_06,G99_B01_02,11/23/2023 10:10:22,12/14/2023 9:50:02,12/14/2023 10:33:14,M,blackhood,07,H04,,,10,10,30,2,B2,"nan,nan"
100,G100_B30_07,111003007,933000320882118,LTRB,G99_B32_06,G99_B01_02,11/23/2023 10:10:22,12/14/2023 9:50:02,12/14/2023 10:33:14,M,blackhood,07,A05,,,10,10,30,2,B2,"nan,nan"
100,G100_B30_09,111003009,933000320882103,RT,G99_B32_06,G99_B01_02,11/23/2023 10:10:22,12/14/2023 9:50:34,12/14/2023 10:38:09,F,blackhood,07,B05,,,10,10,30,2,C2,"nan,dehydrated"
100,G100_B30_10,111003010,933000320946552,RM,G99_B32_06,G99_B01_02,11/23/2023 10:10:22,12/14/2023 9:50:34,12/14/2023 10:38:09,F,blackhood,07,C05,,,10,10,30,2,C2,"nan,dehydrated"
100,G100_B30_11,111003011,933000320882102,RB,G99_B32_06,G99_B01_02,11/23/2023 10:10:22,12/14/2023 9:50:34,12/14/2023 10:38:09,F,blackhood,07,D05,,,10,10,30,2,C2,"nan,dehydrated"
100,G100_B31_01,111003101,933000320978113,LT,G99_B33_05,G99_B08_04,11/10/2023 9:14:09,12/1/2023 10:18:40,12/1/2023 13:54:47,M,albino,02,A05,,,9,9,31,6,E7,"nan,nan"
100,G100_B31_02,111003102,933000320978112,LM,G99_B33_05,G99_B08_04,11/10/2023 9:14:09,12/1/2023 10:18:40,12/1/2023 13:54:47,M,brown,02,B05,,,9,9,31,6,E7,"nan,nan"
100,G100_B31_03,111003103,933000320978119,LB,G99_B33_05,G99_B08_04,11/10/2023 9:14:09,12/1/2023 10:18:40,12/1/2023 13:54:47,M,brown,02,C05,,,9,9,31,6,E7,"nan,nan"
100,G100_B31_09,111003109,933000320980695,RT,G99_B33_05,G99_B08_04,11/10/2023 9:14:09,12/1/2023 10:19:21,12/1/2023 14:00:29,F,albino,02,D05,,,9,9,31,5,A1,"nan,nan"
100,G100_B31_10,111003110,933000320980691,RM,G99_B33_05,G99_B08_04,11/10/2023 9:14:09,12/1/2023 10:19:21,12/1/2023 14:00:29,F,albino,02,E05,,,9,9,31,5,A1,"nan,nan"
100,G100_B31_11,111003111,933000320980689,RB,G99_B33_05,G99_B08_04,11/10/2023 9:14:09,12/1/2023 10:19:21,12/1/2023 14:00:29,F,albino,02,F05,,,9,9,31,5,A1,"nan,nan"
100,G100_B31_12,111003112,933000320980688,RC,G99_B33_05,G99_B08_04,11/10/2023 9:14:09,12/1/2023 10:19:21,12/1/2023 14:00:29,F,albino,02,G05,,,9,9,31,5,A1,"nan,nan"
100,G100_B31_13,111003113,933000320978143,LMRM,G99_B33_05,G99_B08_04,11/10/2023 9:14:09,12/1/2023 10:19:21,12/1/2023 14:04:13,F,brownhood,02,H05,,,9,9,31,6,D6,"nan,nan"
100,G100_B31_14,111003114,933000320978144,LBRB,G99_B33_05,G99_B08_04,11/10/2023 9:14:09,12/1/2023 10:19:21,12/1/2023 14:04:13,F,black,02,A06,,,9,9,31,6,D6,"nan,nan"
100,G100_B32_01,111003201,933000320946642,LT,G99_B34_06,G99_B42_02,11/13/2023 9:24:45,12/6/2023 10:07:52,12/6/2023 11:13:21,M,brown,04,H02,,,12,12,32,4,C3,"nan,nan"
100,G100_B32_02,111003202,933000320946646,LM,G99_B34_06,G99_B42_02,11/13/2023 9:24:45,12/6/2023 10:07:52,12/6/2023 11:13:21,M,brown,04,A03,,,12,12,32,4,C3,"nan,nan"
100,G100_B32_03,111003203,933000320946629,LB,G99_B34_06,G99_B42_02,11/13/2023 9:24:45,12/6/2023 10:07:52,12/6/2023 11:13:21,M,brown,04,B03,,,12,12,32,4,C3,"nan,nan"
100,G100_B32_04,111003204,933000320946631,LC,G99_B34_06,G99_B42_02,11/13/2023 9:24:45,12/6/2023 10:07:52,12/6/2023 11:13:21,M,brown,04,C03,,,12,12,32,4,C3,"nan,nan"
100,G100_B32_05,111003205,933000320946633,LTRT,G99_B34_06,G99_B42_02,11/13/2023 9:24:45,12/6/2023 10:07:52,12/6/2023 11:15:10,M,brown,04,D03,,,12,12,32,4,D6,"nan,nan"
100,G100_B32_09,111003209,933000320946643,RT,G99_B34_06,G99_B42_02,11/13/2023 9:24:45,12/6/2023 10:08:35,12/6/2023 11:20:39,F,brown,04,E03,,,12,12,32,4,D3,"nan,FD - dehydrated"
100,G100_B32_10,111003210,933000320946632,RM,G99_B34_06,G99_B42_02,11/13/2023 9:24:45,12/6/2023 10:08:35,12/6/2023 11:20:39,F,brown,04,F03,,,12,12,32,4,D3,"nan,died 12/18"
100,G100_B32_11,111003211,933000320946647,RB,G99_B34_06,G99_B42_02,11/13/2023 9:24:45,12/6/2023 10:08:35,12/6/2023 11:20:39,F,brown,04,G03,,,12,12,32,4,D3,"nan,died 12/18"
100,G100_B32_12,111003212,933000320946648,RC,G99_B34_06,G99_B42_02,11/13/2023 9:24:45,12/6/2023 10:08:35,12/6/2023 11:20:39,F,brown,04,H03,,,12,12,32,4,D3,"nan,nan"
100,G100_B32_13,111003213,933000320946649,LMRM,G99_B34_06,G99_B42_02,11/13/2023 9:24:45,12/6/2023 10:08:35,12/6/2023 11:25:11,F,brown,04,A04,,,12,12,32,4,E3,"nan,nan"
100,G100_B32_14,111003214,933000320946650,LBRB,G99_B34_06,G99_B42_02,11/13/2023 9:24:45,12/6/2023 10:08:35,12/6/2023 11:25:11,F,brown,04,B04,,,12,12,32,4,E3,"nan,nan"
100,G100_B32_15,111003215,933000320946628,LCRC,G99_B34_06,G99_B42_02,11/13/2023 9:24:45,12/6/2023 10:08:35,12/6/2023 11:25:11,F,brown,04,C04,,,12,12,32,4,E3,"nan,nan"
100,G100_B33_01,111003301,933000320946639,LT,G99_B34_07,G99_B24_04,11/13/2023 9:24:40,12/6/2023 10:10:08,12/6/2023 11:31:30,M,brownhood,04,D04,,,12,12,33,4,B4,"nan,nan"
100,G100_B33_02,111003302,933000320946626,LM,G99_B34_07,G99_B24_04,11/13/2023 9:24:40,12/6/2023 10:10:08,12/6/2023 11:31:30,M,brown,04,E04,,,12,12,33,4,B4,"nan,nan"
100,G100_B33_03,111003303,933000320946645,LB,G99_B34_07,G99_B24_04,11/13/2023 9:24:40,12/6/2023 10:10:08,12/6/2023 11:31:30,M,brown,04,F04,,,12,12,33,4,B4,"nan,nan"
100,G100_B33_04,111003304,933000320946637,LC,G99_B34_07,G99_B24_04,11/13/2023 9:24:40,12/6/2023 10:10:08,12/6/2023 11:31:30,M,brown,04,G04,,,12,12,33,4,B4,"nan,nan"
100,G100_B33_05,111003305,933000320946627,LTRT,G99_B34_07,G99_B24_04,11/13/2023 9:24:40,12/6/2023 10:10:08,12/6/2023 11:35:00,M,brown,04,H04,,,12,12,33,4,E6,"nan,nan"
100,G100_B33_06,111003306,933000320946640,LTRM,G99_B34_07,G99_B24_04,11/13/2023 9:24:40,12/6/2023 10:10:08,12/6/2023 11:35:00,M,brown,04,A05,,,12,12,33,4,E6,"nan,nan"
100,G100_B33_09,111003309,933000320946506,RT,G99_B34_07,G99_B24_04,11/13/2023 9:24:40,12/6/2023 10:10:38,12/6/2023 11:43:42,F,brownhood,04,B05,,,12,12,33,4,C4,"nan,nan"
100,G100_B33_10,111003310,933000320946516,RM,G99_B34_07,G99_B24_04,11/13/2023 9:24:40,12/6/2023 10:10:38,12/6/2023 11:43:42,F,brown,04,C05,,,12,12,33,4,C4,"nan,nan"
100,G100_B33_11,111003311,933000320946503,RB,G99_B34_07,G99_B24_04,11/13/2023 9:24:40,12/6/2023 10:10:38,12/6/2023 11:43:42,F,brown,04,D05,,,12,12,33,4,C4,"nan,neck wound - treating"
100,G100_B33_12,111003312,933000320946513,RC,G99_B34_07,G99_B24_04,11/13/2023 9:24:40,12/6/2023 10:10:38,12/6/2023 11:43:42,F,brown,04,E05,,,12,12,33,4,C4,"nan,neck wound - treating"
100,G100_B33_13,111003313,933000320946636,LMRM,G99_B34_07,G99_B24_04,11/13/2023 9:24:40,12/6/2023 10:10:38,12/6/2023 11:47:01,F,brown,04,F05,,,12,12,33,4,B7,"nan,nan"
100,G100_B33_14,111003314,933000320946638,LBRB,G99_B34_07,G99_B24_04,11/13/2023 9:24:40,12/6/2023 10:10:38,12/6/2023 11:47:01,F,brown,04,G05,,,12,12,33,4,B7,"nan,nan"
100,G100_B34_01,111003401,933000320978360,LT,G99_B35_08,G99_B46_02,11/11/2023 9:24:35,12/5/2023 10:00:52,12/5/2023 11:36:09,M,brownhood,03,F07,,,10,10,34,4,E2,"nan,nan"
100,G100_B34_02,111003402,933000320978362,LM,G99_B35_08,G99_B46_02,11/11/2023 9:24:35,12/5/2023 10:00:52,12/5/2023 11:36:09,M,brownhood,03,G07,,,10,10,34,4,E2,"nan,nan"
100,G100_B34_03,111003403,933000320978364,LB,G99_B35_08,G99_B46_02,11/11/2023 9:24:35,12/5/2023 10:00:52,12/5/2023 11:36:09,M,brown,03,H07,,,10,10,34,4,E2,"nan,nan"
100,G100_B34_09,111003409,933000320978307,RT,G99_B35_08,G99_B46_02,11/11/2023 9:24:35,12/5/2023 10:01:23,12/5/2023 11:42:21,F,brownhood,03,A08,,,10,10,34,5,A7,"nan,nan"
100,G100_B34_10,111003410,933000320978306,RM,G99_B35_08,G99_B46_02,11/11/2023 9:24:35,12/5/2023 10:01:23,12/5/2023 11:42:21,F,brownhood,03,B08,,,10,10,34,5,A7,"nan,nan"
100,G100_B34_11,111003411,933000320978290,RB,G99_B35_08,G99_B46_02,11/11/2023 9:24:35,12/5/2023 10:01:23,12/5/2023 11:42:21,F,brownhood,03,C08,,,10,10,34,5,A7,"nan,nan"
100,G100_B34_12,111003412,933000320978286,RC,G99_B35_08,G99_B46_02,11/11/2023 9:24:35,12/5/2023 10:01:23,12/5/2023 11:42:21,F,brown,03,D08,,,10,10,34,5,A7,"nan,nan"
100,G100_B34_13,111003413,933000320978357,LMRM,G99_B35_08,G99_B46_02,11/11/2023 9:24:35,12/5/2023 10:01:23,12/5/2023 11:47:54,F,brown,03,E08,,,10,10,34,5,B7,"nan,ACTUALLY LMRT"
100,G100_B34_14,111003414,933000320978318,LBRB,G99_B35_08,G99_B46_02,11/11/2023 9:24:35,12/5/2023 10:01:23,12/5/2023 11:47:54,F,brown,03,F08,,,10,10,34,5,B7,"nan,nan"
100,G100_B34_15,111003415,933000320978311,LCRC,G99_B35_08,G99_B46_02,11/11/2023 9:24:35,12/5/2023 10:01:23,12/5/2023 11:47:54,F,brown,03,G08,,,10,10,34,5,B7,"nan,nan"
100,G100_B35_01,111003501,933000320946630,LT,G99_B37_06,G99_B68_03,11/13/2023 9:24:52,12/6/2023 10:12:16,12/6/2023 11:50:12,M,brown,04,H05,12/6/2023 10:24:58,1,10,11,35,4,E6,"nan,nan"
100,G100_B35_02,111003502,933000320946507,LM,G99_B37_06,G99_B68_03,11/13/2023 9:24:52,12/6/2023 10:12:16,12/6/2023 11:50:12,M,brown,04,A06,12/6/2023 10:24:58,1,10,11,35,4,E6,"nan,nan"
100,G100_B35_09,111003509,933000320946641,RT,G99_B37_06,G99_B68_03,11/13/2023 9:24:52,12/6/2023 10:13:08,12/6/2023 11:55:24,F,albino,04,B06,12/6/2023 10:24:58,1,10,11,35,4,D4,"nan,neck wound - treating"
100,G100_B35_10,111003510,933000320946515,RM,G99_B37_06,G99_B68_03,11/13/2023 9:24:52,12/6/2023 10:13:08,12/6/2023 11:55:24,F,brown,04,C06,12/6/2023 10:24:58,1,10,11,35,4,D4,"nan,nan"
100,G100_B35_11,111003511,933000320946635,RB,G99_B37_06,G99_B68_03,11/13/2023 9:24:52,12/6/2023 10:13:08,12/6/2023 11:55:24,F,brown,04,D06,12/6/2023 10:24:58,1,10,11,35,4,D4,"nan,neck wound - treating"
100,G100_B35_12,111003512,933000320946634,RC,G99_B37_06,G99_B68_03,11/13/2023 9:24:52,12/6/2023 10:13:08,12/6/2023 11:55:24,F,brown,04,E06,12/6/2023 10:24:58,1,10,11,35,4,D4,"nan,neck wound - treating"
100,G100_B35_13,111003513,933000320946514,LMRM,G99_B37_06,G99_B68_03,11/13/2023 9:24:52,12/6/2023 10:13:08,12/6/2023 12:00:03,F,brown,04,F06,12/6/2023 10:24:58,1,10,11,35,4,E4,"nan,neck wound - healed"
100,G100_B35_14,111003514,933000320946501,LBRB,G99_B37_06,G99_B68_03,11/13/2023 9:24:52,12/6/2023 10:13:08,12/6/2023 12:00:03,F,brown,04,G06,12/6/2023 10:24:58,1,10,11,35,4,E4,"nan,neck wound - healed"
100,G100_B35_15,111003515,933000320946502,LCRC,G99_B37_06,G99_B68_03,11/13/2023 9:24:52,12/6/2023 10:13:08,12/6/2023 12:00:03,F,brown,04,H06,12/6/2023 10:24:58,1,10,11,35,4,E4,"nan,nan"
100,G100_B35_16,111003516,933000320946508,LMRT,G99_B37_06,G99_B68_03,11/13/2023 9:24:52,12/6/2023 10:13:08,12/6/2023 12:00:03,F,brown,04,A07,12/6/2023 10:24:58,1,10,11,35,4,E4,"nan,nan"
100,G100_B36_01,111003601,933000320978172,LT,G99_B40_08,G99_B15_02,11/10/2023 9:14:26,12/1/2023 11:42:21,12/1/2023 14:08:47,M,albino,02,B06,,,9,9,36,5,C1,"nan,nan"
100,G100_B36_02,111003602,933000320978171,LM,G99_B40_08,G99_B15_02,11/10/2023 9:14:26,12/1/2023 11:42:21,12/1/2023 14:08:47,M,albino,02,C06,,,9,9,36,5,C1,"nan,nan"
100,G100_B36_03,111003603,933000320978170,LB,G99_B40_08,G99_B15_02,11/10/2023 9:14:26,12/1/2023 11:42:21,12/1/2023 14:08:47,M,albino,02,D06,,,9,9,36,5,C1,"nan,nan"
100,G100_B36_04,111003604,933000320978148,LC,G99_B40_08,G99_B15_02,11/10/2023 9:14:26,12/1/2023 11:42:21,12/1/2023 14:08:47,M,blackhood,02,E06,,,9,9,36,5,C1,"nan,nan"
100,G100_B36_05,111003605,933000320978163,LTRT,G99_B40_08,G99_B15_02,11/10/2023 9:14:26,12/1/2023 11:42:21,12/1/2023 14:12:31,M,blackhood,02,F06,,,9,9,36,5,D1,"nan,nan"
100,G100_B36_06,111003606,933000320978164,LTRM,G99_B40_08,G99_B15_02,11/10/2023 9:14:26,12/1/2023 11:42:21,12/1/2023 14:12:31,M,black,02,G06,,,9,9,36,5,D1,"nan,nan"
100,G100_B36_09,111003609,933000320978147,RT,G99_B40_08,G99_B15_02,11/10/2023 9:14:26,12/1/2023 11:43:07,12/1/2023 14:15:58,F,albino,02,H06,,,9,9,36,5,E1,"nan,neck wound - treating"
100,G100_B36_10,111003610,933000320978134,RM,G99_B40_08,G99_B15_02,11/10/2023 9:14:26,12/1/2023 11:43:07,12/1/2023 14:15:58,F,blackhood,02,A07,,,9,9,36,5,E1,"nan,nan"
100,G100_B36_11,111003611,933000320978110,RB,G99_B40_08,G99_B15_02,11/10/2023 9:14:26,12/1/2023 11:43:07,12/1/2023 14:15:58,F,black,02,B07,,,9,9,36,5,E1,"nan,nan"
100,G100_B37_01,111003701,933000320946510,LT,G99_B41_06,G99_B56_03,11/13/2023 9:25:05,12/6/2023 10:14:37,12/6/2023 12:05:04,M,brownhood,04,B07,,,8,8,37,4,A5,"nan,neck wound - treating"
100,G100_B37_02,111003702,933000320946512,LM,G99_B41_06,G99_B56_03,11/13/2023 9:25:05,12/6/2023 10:14:37,12/6/2023 12:05:04,M,brownhood,04,C07,,,8,8,37,4,A5,"nan,neck wound - treating"
100,G100_B37_03,111003703,933000320946509,LB,G99_B41_06,G99_B56_03,11/13/2023 9:25:05,12/6/2023 10:14:37,12/6/2023 12:05:04,M,brown,04,D07,,,8,8,37,4,A5,"nan,nan"
100,G100_B37_04,111003704,933000320946520,LC,G99_B41_06,G99_B56_03,11/13/2023 9:25:05,12/6/2023 10:14:37,12/6/2023 12:05:04,M,brown,04,E07,,,8,8,37,4,A5,"nan,nan"
100,G100_B37_09,111003709,933000320946504,RT,G99_B41_06,G99_B56_03,11/13/2023 9:25:05,12/6/2023 10:15:11,12/6/2023 12:10:32,F,brownhood,04,F07,,,8,8,37,4,B5,"nan,nan"
100,G100_B37_10,111003710,933000320946518,RM,G99_B41_06,G99_B56_03,11/13/2023 9:25:05,12/6/2023 10:15:11,12/6/2023 12:10:32,F,brownhood,04,G07,,,8,8,37,4,B5,"nan,neck wound - treating"
100,G100_B37_11,111003711,933000320946505,RB,G99_B41_06,G99_B56_03,11/13/2023 9:25:05,12/6/2023 10:15:11,12/6/2023 12:10:32,F,brown,04,H07,,,8,8,37,4,B5,"nan,nan"
100,G100_B37_12,111003712,933000320946517,RC,G99_B41_06,G99_B56_03,11/13/2023 9:25:05,12/6/2023 10:15:11,12/6/2023 12:10:32,F,brown,04,A08,,,8,8,37,4,B5,"nan,nan"
100,G100_B39_01,111003901,933000320978268,LT,G99_B43_06,G99_B53_01,11/14/2023 9:35:33,12/7/2023 9:59:18,12/7/2023 11:21:26,M,brownhood,05,C02,,,10,10,39,3,A1,"nan,nan"
100,G100_B39_02,111003902,933000320978253,LM,G99_B43_06,G99_B53_01,11/14/2023 9:35:33,12/7/2023 9:59:18,12/7/2023 11:21:26,M,blackhood,05,D02,,,10,10,39,3,A1,"nan,nan"
100,G100_B39_03,111003903,933000320978252,LB,G99_B43_06,G99_B53_01,11/14/2023 9:35:33,12/7/2023 9:59:18,12/7/2023 11:21:26,M,blackhood,05,E02,,,10,10,39,3,A1,"nan,nan"
100,G100_B39_04,111003904,933000320978258,LC,G99_B43_06,G99_B53_01,11/14/2023 9:35:33,12/7/2023 9:59:18,12/7/2023 11:21:26,M,blackhood,05,F02,,,10,10,39,3,A1,"nan,nan"
100,G100_B39_09,111003909,933000320978259,RT,G99_B43_06,G99_B53_01,11/14/2023 9:35:33,12/7/2023 10:00:00,12/7/2023 11:26:11,F,brownhood,05,G02,,,10,10,39,3,B1,"nan,nan"
100,G100_B39_10,111003910,933000320978260,RM,G99_B43_06,G99_B53_01,11/14/2023 9:35:33,12/7/2023 10:00:00,12/7/2023 11:26:11,F,brownhood,05,H02,,,10,10,39,3,B1,"nan,nan"
100,G100_B39_11,111003911,933000320978261,RB,G99_B43_06,G99_B53_01,11/14/2023 9:35:33,12/7/2023 10:00:00,12/7/2023 11:26:11,F,brownhood,05,A03,,,10,10,39,3,B1,"nan,neck wound - treating"
100,G100_B39_12,111003912,933000320978256,RC,G99_B43_06,G99_B53_01,11/14/2023 9:35:33,12/7/2023 10:00:00,12/7/2023 11:26:11,F,blackhood,05,B03,,,10,10,39,3,B1,"nan,neck wound - treating"
100,G100_B39_13,111003913,933000320978243,LMRM,G99_B43_06,G99_B53_01,11/14/2023 9:35:33,12/7/2023 10:00:00,12/7/2023 11:28:54,F,blackhood,05,C03,,,10,10,39,3,E3,"nan,nan"
100,G100_B39_14,111003914,933000320978244,LBRB,G99_B43_06,G99_B53_01,11/14/2023 9:35:33,12/7/2023 10:00:00,12/7/2023 11:28:54,F,blackhood,05,D03,,,10,10,39,3,E3,"nan,nan"
100,G100_B40_01,111004001,933000320978159,LT,G99_B43_07,G99_B39_03,11/10/2023 9:14:31,12/1/2023 11:44:12,12/1/2023 14:18:38,M,albino,02,C07,,,6,6,40,5,D1,"nan,nan"
100,G100_B40_02,111004002,933000320978156,LM,G99_B43_07,G99_B39_03,11/10/2023 9:14:31,12/1/2023 11:44:12,12/1/2023 14:18:38,M,brown,02,D07,,,6,6,40,5,D1,"nan,nan"
100,G100_B40_09,111004009,933000320978162,RT,G99_B43_07,G99_B39_03,11/10/2023 9:14:31,12/1/2023 11:44:50,12/1/2023 14:23:08,F,albino,02,E07,,,6,6,40,5,A2,"nan,nan"
100,G100_B40_10,111004010,933000320978161,RM,G99_B43_07,G99_B39_03,11/10/2023 9:14:31,12/1/2023 11:44:50,12/1/2023 14:23:08,F,brownhood,02,F07,,,6,6,40,5,A2,"nan,nan"
100,G100_B40_11,111004011,933000320978160,RB,G99_B43_07,G99_B39_03,11/10/2023 9:14:31,12/1/2023 11:44:50,12/1/2023 14:23:08,F,brownhood,02,G07,,,6,6,40,5,A2,"nan,nan"
100,G100_B40_12,111004012,933000320978149,RC,G99_B43_07,G99_B39_03,11/10/2023 9:14:31,12/1/2023 11:44:50,12/1/2023 14:23:08,F,brown,02,H07,,,6,6,40,5,A2,"nan,nan"
100,G100_B42_01,111004201,933000320946524,LT,G99_B45_07,G99_B22_02,11/13/2023 9:25:12,12/6/2023 10:16:45,12/6/2023 12:20:00,M,albino,04,B08,,,10,10,42,4,C5,"nan,nan"
100,G100_B42_02,111004202,933000320946523,LM,G99_B45_07,G99_B22_02,11/13/2023 9:25:12,12/6/2023 10:16:45,12/6/2023 12:20:00,M,albino,04,C08,,,10,10,42,4,C5,"nan,nan"
100,G100_B42_03,111004203,933000320946522,LB,G99_B45_07,G99_B22_02,11/13/2023 9:25:12,12/6/2023 10:16:45,12/6/2023 12:20:00,M,albino,04,D08,,,10,10,42,4,C5,"nan,nan"
100,G100_B42_04,111004204,933000320946521,LC,G99_B45_07,G99_B22_02,11/13/2023 9:25:12,12/6/2023 10:16:45,12/6/2023 12:20:00,M,brownhood,04,E08,,,10,10,42,4,C5,"nan,nan"
100,G100_B42_09,111004209,933000320946467,RT,G99_B45_07,G99_B22_02,11/13/2023 9:25:12,12/6/2023 10:17:19,12/6/2023 12:26:24,F,albino,04,F08,,,10,10,42,4,D5,"nan,neck wound - treating"
100,G100_B42_10,111004210,933000320946474,RM,G99_B45_07,G99_B22_02,11/13/2023 9:25:12,12/6/2023 10:17:19,12/6/2023 12:26:24,F,albino,04,G08,,,10,10,42,4,D5,"nan,nan"
100,G100_B42_11,111004211,933000320946475,RB,G99_B45_07,G99_B22_02,11/13/2023 9:25:12,12/6/2023 10:17:19,12/6/2023 12:26:24,F,albino,04,H08,,,10,10,42,4,D5,"nan,nan"
100,G100_B42_12,111004212,933000320946473,RC,G99_B45_07,G99_B22_02,11/13/2023 9:25:12,12/6/2023 10:17:19,12/6/2023 12:26:24,F,albino,04,A09,,,10,10,42,4,D5,"nan,nan"
100,G100_B42_13,111004213,933000320946462,LMRM,G99_B45_07,G99_B22_02,11/13/2023 9:25:12,12/6/2023 10:17:19,12/6/2023 12:30:44,F,brownhood,04,B09,,,10,10,42,4,B7,"nan,nan"
100,G100_B42_14,111004214,933000320946470,LBRB,G99_B45_07,G99_B22_02,11/13/2023 9:25:12,12/6/2023 10:17:19,12/6/2023 12:30:44,F,brownhood,04,C09,,,10,10,42,4,B7,"nan,nan"
100,G100_B43_01,111004301,933000320980764,LT,G99_B46_05,G99_B28_03,11/16/2023 10:01:14,12/8/2023 8:27:02,12/8/2023 8:56:13,M,brownhood,06,A01,,,9,9,43,3,C4,"nan,nan"
100,G100_B43_02,111004302,933000320980763,LM,G99_B46_05,G99_B28_03,11/16/2023 10:01:14,12/8/2023 8:27:02,12/8/2023 8:56:13,M,brownhood,06,B01,,,9,9,43,3,C4,"nan,nan"
100,G100_B43_03,111004303,933000320980762,LB,G99_B46_05,G99_B28_03,11/16/2023 10:01:14,12/8/2023 8:27:02,12/8/2023 8:56:13,M,brownhood,06,C01,,,9,9,43,3,C4,"nan,nan"
100,G100_B43_04,111004304,933000320980752,LC,G99_B46_05,G99_B28_03,11/16/2023 10:01:14,12/8/2023 8:27:02,12/8/2023 8:56:13,M,blackhood,06,D01,,,9,9,43,3,C4,"nan,nan"
100,G100_B43_09,111004309,933000320980760,RT,G99_B46_05,G99_B28_03,11/16/2023 10:01:14,12/8/2023 8:27:45,12/8/2023 9:02:49,F,brownhood,06,E01,,,9,9,43,3,D4,"nan,nan"
100,G100_B43_10,111004310,933000320980753,RM,G99_B46_05,G99_B28_03,11/16/2023 10:01:14,12/8/2023 8:27:45,12/8/2023 9:02:49,F,brownhood,06,F01,,,9,9,43,3,D4,"nan,nan"
100,G100_B43_11,111004311,933000320980754,RB,G99_B46_05,G99_B28_03,11/16/2023 10:01:14,12/8/2023 8:27:45,12/8/2023 9:02:49,F,blackhood,06,G01,,,9,9,43,3,D4,"nan,ACTUALLY LBRB"
100,G100_B43_12,111004312,933000320980755,RC,G99_B46_05,G99_B28_03,11/16/2023 10:01:14,12/8/2023 8:27:45,12/8/2023 9:02:49,F,blackhood,06,H01,,,9,9,43,3,D4,"nan,nan"
100,G100_B43_13,111004313,933000320980771,LMRM,G99_B46_05,G99_B28_03,11/16/2023 10:01:14,12/8/2023 8:27:45,12/8/2023 9:04:35,F,blackhood,06,A02,,,9,9,43,3,B6,"nan,nan"
100,G100_B44_01,111004401,933000320946511,LT,G99_B47_06,G99_B11_03,11/13/2023 9:25:19,12/6/2023 10:20:36,12/6/2023 12:35:38,M,black,04,D09,,,11,11,44,4,E5,"nan,nan"
100,G100_B44_02,111004402,933000320946519,LM,G99_B47_06,G99_B11_03,11/13/2023 9:25:19,12/6/2023 10:20:36,12/6/2023 12:35:38,M,black,04,E09,,,11,11,44,4,E5,"nan,nan"
100,G100_B44_03,111004403,933000320946525,LB,G99_B47_06,G99_B11_03,11/13/2023 9:25:19,12/6/2023 10:20:36,12/6/2023 12:35:38,M,black,04,F09,,,11,11,44,4,E5,"nan,nan"
100,G100_B44_04,111004404,933000320946461,LC,G99_B47_06,G99_B11_03,11/13/2023 9:25:19,12/6/2023 10:20:36,12/6/2023 12:35:38,M,black,04,G09,,,11,11,44,4,E5,"nan,nan"
100,G100_B44_09,111004409,933000320946465,RT,G99_B47_06,G99_B11_03,11/13/2023 9:25:19,12/6/2023 10:21:04,12/6/2023 12:41:58,F,black,04,H09,,,11,11,44,4,A6,"nan,neck wound - treating"
100,G100_B44_10,111004410,933000320946468,RM,G99_B47_06,G99_B11_03,11/13/2023 9:25:19,12/6/2023 10:21:04,12/6/2023 12:41:58,F,black,04,A10,,,11,11,44,4,A6,"nan,neck wound - treating"
100,G100_B44_11,111004411,933000320946457,RB,G99_B47_06,G99_B11_03,11/13/2023 9:25:19,12/6/2023 10:21:04,12/6/2023 12:41:58,F,black,04,B10,,,11,11,44,4,A6,"nan,nan"
100,G100_B44_12,111004412,933000320946453,RC,G99_B47_06,G99_B11_03,11/13/2023 9:25:19,12/6/2023 10:21:04,12/6/2023 12:41:58,F,black,04,C10,,,11,11,44,4,A6,"nan,nan"
100,G100_B44_13,111004413,933000320946469,LMRM,G99_B47_06,G99_B11_03,11/13/2023 9:25:19,12/6/2023 10:21:04,12/6/2023 12:45:23,F,black,04,D10,,,11,11,44,4,C7,"nan,nan"
100,G100_B44_14,111004414,933000320946463,LBRB,G99_B47_06,G99_B11_03,11/13/2023 9:25:19,12/6/2023 10:21:04,12/6/2023 12:45:23,F,black,04,E10,,,11,11,44,4,C7,"nan,nan"
100,G100_B44_15,111004415,933000320946644,LCRC,G99_B47_06,G99_B11_03,11/13/2023 9:25:19,12/6/2023 10:21:04,12/6/2023 12:45:23,F,black,04,F10,,,11,11,44,4,C7,"nan,nan"
100,G100_B45_01,111004501,933000320978332,LT,G99_B48_07,G99_B50_01,11/13/2023 9:21:26,12/4/2023 9:44:59,12/4/2023 11:50:43,M,albino,02,G12,12/4/2023 9:44:34,1,10,11,45,5,D3,"nan,nan"
100,G100_B45_02,111004502,933000320978331,LM,G99_B48_07,G99_B50_01,11/13/2023 9:21:26,12/4/2023 9:44:59,12/4/2023 11:50:43,M,albino,02,H12,12/4/2023 9:44:34,1,10,11,45,5,D3,"nan,nan"
100,G100_B45_03,111004503,933000320980732,LB,G99_B48_07,G99_B50_01,11/13/2023 9:21:26,12/4/2023 9:44:59,12/4/2023 11:50:43,M,brown,03,A01,12/4/2023 9:44:34,1,10,11,45,5,D3,"nan,nan"
100,G100_B45_04,111004504,933000320978337,LC,G99_B48_07,G99_B50_01,11/13/2023 9:21:26,12/4/2023 9:44:59,12/4/2023 11:50:43,M,brown,03,B01,12/4/2023 9:44:34,1,10,11,45,5,D3,"nan,nan"
100,G100_B45_05,111004505,933000320980729,LTRT,G99_B48_07,G99_B50_01,11/13/2023 9:21:26,12/4/2023 9:44:59,12/4/2023 11:58:26,M,brown,03,C01,12/4/2023 9:44:34,1,10,11,45,5,E3,"nan,nan"
100,G100_B45_06,111004506,933000320980744,LTRM,G99_B48_07,G99_B50_01,11/13/2023 9:21:26,12/4/2023 9:44:59,12/4/2023 11:58:26,M,brown,03,D01,12/4/2023 9:44:34,1,10,11,45,5,E3,"nan,nan"
100,G100_B45_07,111004507,933000320980749,LTRB,G99_B48_07,G99_B50_01,11/13/2023 9:21:26,12/4/2023 9:44:59,12/4/2023 11:58:26,M,brown,03,E01,12/4/2023 9:44:34,1,10,11,45,5,E3,"nan,nan"
100,G100_B45_08,111004508,933000320980742,LTRC,G99_B48_07,G99_B50_01,11/13/2023 9:21:26,12/4/2023 9:44:59,12/4/2023 11:58:26,M,brown,03,F01,12/4/2023 9:44:34,1,10,11,45,5,E3,"nan,nan"
100,G100_B45_09,111004509,933000320980745,RT,G99_B48_07,G99_B50_01,11/13/2023 9:21:26,12/4/2023 9:45:35,12/4/2023 12:08:23,F,brown,03,G01,12/4/2023 9:44:34,1,10,11,45,5,E5,"nan,nan"
100,G100_B45_10,111004510,933000320980747,RM,G99_B48_07,G99_B50_01,11/13/2023 9:21:26,12/4/2023 9:45:35,12/4/2023 12:08:23,F,brown,03,H01,12/4/2023 9:44:34,1,10,11,45,5,E5,"nan,nan"
100,G100_B46_01,111004601,933000320978336,LT,G99_B49_07,G99_B54_01,11/13/2023 9:21:31,12/4/2023 9:46:53,12/4/2023 12:15:10,M,brown,03,A02,,,6,6,46,5,A4,"nan,nan"
100,G100_B46_02,111004602,933000320978330,LM,G99_B49_07,G99_B54_01,11/13/2023 9:21:31,12/4/2023 9:46:53,12/4/2023 12:15:10,M,brown,03,B02,,,6,6,46,5,A4,"nan,nan"
100,G100_B46_03,111004603,933000320978341,LB,G99_B49_07,G99_B54_01,11/13/2023 9:21:31,12/4/2023 9:46:53,12/4/2023 12:15:10,M,brown,03,C02,,,6,6,46,5,A4,"nan,nan"
100,G100_B46_04,111004604,933000320946597,LC,G99_B49_07,G99_B54_01,11/13/2023 9:21:31,12/4/2023 9:46:53,12/4/2023 12:15:10,M,black,03,D02,,,6,6,46,5,A4,"nan,nan"
100,G100_B46_05,111004605,933000320978152,LTRT,G99_B49_07,G99_B54_01,11/13/2023 9:21:31,12/4/2023 9:46:53,12/4/2023 12:17:49,M,black,03,E02,,,6,6,46,5,C5,"nan,nan"
100,G100_B46_09,111004609,933000320978151,RT,G99_B49_07,G99_B54_01,11/13/2023 9:21:31,12/4/2023 9:47:22,12/4/2023 12:20:14,F,black,03,F02,,,6,6,46,5,E5,"only F from litter,nan"
100,G100_B47_01,111004701,933000320980681,LT,G99_B50_08,G99_B13_02,11/13/2023 9:21:39,12/4/2023 9:49:00,12/4/2023 12:25:05,M,albino,03,G02,,,11,11,47,5,B4,"nan,nan"
100,G100_B47_02,111004702,933000320980684,LM,G99_B50_08,G99_B13_02,11/13/2023 9:21:39,12/4/2023 9:49:00,12/4/2023 12:25:05,M,brownhood,03,H02,,,11,11,47,5,B4,"nan,nan"
100,G100_B47_03,111004703,933000320980690,LB,G99_B50_08,G99_B13_02,11/13/2023 9:21:39,12/4/2023 9:49:00,12/4/2023 12:25:05,M,brownhood,03,A03,,,11,11,47,5,B4,"nan,nan"
100,G100_B47_04,111004704,933000320980685,LC,G99_B50_08,G99_B13_02,11/13/2023 9:21:39,12/4/2023 9:49:00,12/4/2023 12:25:05,M,brownhood,03,B03,,,11,11,47,5,B4,"nan,nan"
100,G100_B47_05,111004705,933000320978167,LTRT,G99_B50_08,G99_B13_02,11/13/2023 9:21:39,12/4/2023 9:49:00,12/4/2023 12:26:58,M,brownhood,03,C03,,,11,11,47,5,C3,"nan,nan"
100,G100_B47_09,111004709,933000320946585,RT,G99_B50_08,G99_B13_02,11/13/2023 9:21:39,12/4/2023 9:49:31,12/4/2023 12:33:48,F,albino,03,D03,,,11,11,47,5,C4,"nan,nan"
100,G100_B47_10,111004710,933000320946586,RM,G99_B50_08,G99_B13_02,11/13/2023 9:21:39,12/4/2023 9:49:31,12/4/2023 12:33:48,F,brownhood,03,E03,,,11,11,47,5,C4,"nan,nan"
100,G100_B47_11,111004711,933000320946587,RB,G99_B50_08,G99_B13_02,11/13/2023 9:21:39,12/4/2023 9:49:31,12/4/2023 12:33:48,F,brownhood,03,F03,,,11,11,47,5,C4,"nan,nan"
100,G100_B47_12,111004712,933000320946592,RC,G99_B50_08,G99_B13_02,11/13/2023 9:21:39,12/4/2023 9:49:31,12/4/2023 12:33:48,F,brownhood,03,G03,,,11,11,47,5,C4,"nan,nan"
100,G100_B47_13,111004713,933000320978168,LMRM,G99_B50_08,G99_B13_02,11/13/2023 9:21:39,12/4/2023 9:49:31,12/4/2023 12:38:38,F,brownhood,03,H03,,,11,11,47,5,A6,"nan,nan"
100,G100_B47_14,111004714,933000320946590,LBRB,G99_B50_08,G99_B13_02,11/13/2023 9:21:39,12/4/2023 9:49:31,12/4/2023 12:38:38,F,brownhood,03,A04,,,11,11,47,5,A6,"nan,nan"
100,G100_B48_01,111004801,933000320978241,LT,G99_B52_06,G99_B06_02,11/14/2023 9:35:39,12/7/2023 10:01:52,12/7/2023 11:35:16,M,brownhood,05,E03,12/7/2023 10:02:28,1,13,14,48,3,C1,"nan,nan"
100,G100_B48_02,111004802,933000320978239,LM,G99_B52_06,G99_B06_02,11/14/2023 9:35:39,12/7/2023 10:01:52,12/7/2023 11:35:16,M,brownhood,05,F03,12/7/2023 10:02:28,1,13,14,48,3,C1,"nan,nan"
100,G100_B48_03,111004803,933000320978242,LB,G99_B52_06,G99_B06_02,11/14/2023 9:35:39,12/7/2023 10:01:52,12/7/2023 11:35:16,M,brownhood,05,G03,12/7/2023 10:02:28,1,13,14,48,3,C1,"nan,nan"
100,G100_B48_04,111004804,933000320978236,LC,G99_B52_06,G99_B06_02,11/14/2023 9:35:39,12/7/2023 10:01:52,12/7/2023 11:35:16,M,brownhood,05,H03,12/7/2023 10:02:28,1,13,14,48,3,C1,"nan,nan"
100,G100_B48_05,111004805,933000320978274,LTRT,G99_B52_06,G99_B06_02,11/14/2023 9:35:39,12/7/2023 10:01:52,12/7/2023 11:39:31,M,blackhood,05,A04,12/7/2023 10:02:28,1,13,14,48,3,D1,"nan,nan"
100,G100_B48_06,111004806,933000320978269,LTRM,G99_B52_06,G99_B06_02,11/14/2023 9:35:39,12/7/2023 10:01:52,12/7/2023 11:39:31,M,blackhood,05,B04,12/7/2023 10:02:28,1,13,14,48,3,D1,"nan,nan"
100,G100_B48_07,111004807,933000320978275,LTRB,G99_B52_06,G99_B06_02,11/14/2023 9:35:39,12/7/2023 10:01:52,12/7/2023 11:39:31,M,blackhood,05,C04,12/7/2023 10:02:28,1,13,14,48,3,D1,"nan,nan"
100,G100_B48_08,111004808,933000320978247,LTRC,G99_B52_06,G99_B06_02,11/14/2023 9:35:39,12/7/2023 10:01:52,12/7/2023 11:39:31,M,blackhood,05,D04,12/7/2023 10:02:28,1,13,14,48,3,D1,"nan,nan"
100,G100_B48_09,111004809,933000320978257,RT,G99_B52_06,G99_B06_02,11/14/2023 9:35:39,12/7/2023 10:02:18,12/7/2023 11:44:25,F,brownhood,05,E04,12/7/2023 10:02:28,1,13,14,48,3,E1,"nan,nan"
100,G100_B48_10,111004810,933000320978263,RM,G99_B52_06,G99_B06_02,11/14/2023 9:35:39,12/7/2023 10:02:18,12/7/2023 11:44:25,F,brownhood,05,F04,12/7/2023 10:02:28,1,13,14,48,3,E1,"nan,nan"
100,G100_B48_11,111004811,933000320978262,RB,G99_B52_06,G99_B06_02,11/14/2023 9:35:39,12/7/2023 10:02:18,12/7/2023 11:44:25,F,blackhood,05,G04,12/7/2023 10:02:28,1,13,14,48,3,E1,"nan,nan"
100,G100_B48_12,111004812,933000320978251,RC,G99_B52_06,G99_B06_02,11/14/2023 9:35:39,12/7/2023 10:02:18,12/7/2023 11:44:25,F,blackhood,05,H04,12/7/2023 10:02:28,1,13,14,48,3,E1,"nan,neck wound - treating"
100,G100_B48_13,111004813,933000320978249,LMRM,G99_B52_06,G99_B06_02,11/14/2023 9:35:39,12/7/2023 10:02:18,12/7/2023 11:46:15,F,blackhood,05,A05,12/7/2023 10:02:28,1,13,14,48,3,E3,"nan,nan"
100,G100_B49_01,111004901,933000320946582,LT,G99_B53_07,G99_B17_01,11/13/2023 9:21:47,12/4/2023 9:51:23,12/4/2023 12:44:30,M,brownhood,03,B04,,,11,11,49,5,C3,"nan,nan"
100,G100_B49_02,111004902,933000320946589,LM,G99_B53_07,G99_B17_01,11/13/2023 9:21:47,12/4/2023 9:51:23,12/4/2023 12:44:30,M,brownhood,03,C04,,,11,11,49,5,C3,"nan,nan"
100,G100_B49_03,111004903,933000320946600,LB,G99_B53_07,G99_B17_01,11/13/2023 9:21:47,12/4/2023 9:51:23,12/4/2023 12:44:30,M,brown,03,D04,,,11,11,49,5,C3,"nan,nan"
100,G100_B49_09,111004909,933000320946593,RT,G99_B53_07,G99_B17_01,11/13/2023 9:21:47,12/4/2023 9:51:59,12/4/2023 12:49:10,F,brownhood,03,E04,,,11,11,49,5,D4,"nan,nan"
100,G100_B49_10,111004910,933000320946594,RM,G99_B53_07,G99_B17_01,11/13/2023 9:21:47,12/4/2023 9:51:59,12/4/2023 12:49:10,F,brownhood,03,F04,,,11,11,49,5,D4,"nan,nan"
100,G100_B49_11,111004911,933000320946588,RB,G99_B53_07,G99_B17_01,11/13/2023 9:21:47,12/4/2023 9:51:59,12/4/2023 12:49:10,F,blackhood,03,G04,,,11,11,49,5,D4,"nan,nan"
100,G100_B49_12,111004912,933000320946595,RC,G99_B53_07,G99_B17_01,11/13/2023 9:21:47,12/4/2023 9:51:59,12/4/2023 12:49:10,F,brown,03,H04,,,11,11,49,5,D4,"nan,nan"
100,G100_B49_13,111004913,933000320946591,LMRM,G99_B53_07,G99_B17_01,11/13/2023 9:21:47,12/4/2023 9:51:59,12/4/2023 12:53:37,F,brown,03,A05,,,11,11,49,5,E4,"nan,flooded, died"
100,G100_B49_14,111004914,933000320946584,LBRB,G99_B53_07,G99_B17_01,11/13/2023 9:21:47,12/4/2023 9:51:59,12/4/2023 12:53:37,F,brown,03,B05,,,11,11,49,5,E4,"nan,flooded, died"
100,G100_B49_15,111004915,933000320946598,LCRC,G99_B53_07,G99_B17_01,11/13/2023 9:21:47,12/4/2023 9:51:59,12/4/2023 12:53:37,F,brown,03,C05,,,11,11,49,5,E4,"nan,nan"
100,G100_B49_16,111004916,933000320946599,LMRT,G99_B53_07,G99_B17_01,11/13/2023 9:21:47,12/4/2023 9:51:59,12/4/2023 12:53:37,F,black,03,D05,,,11,11,49,5,E4,"nan,nan"
100,G100_B50_01,111005001,933000320978323,LT,G99_B53_08,G99_B21_03,11/11/2023 9:21:54,12/5/2023 10:03:10,12/5/2023 11:55:42,M,blackhood,03,H08,,,9,9,50,5,C7,"nan,neck wound - treating"
100,G100_B50_02,111005002,933000320978277,LM,G99_B53_08,G99_B21_03,11/11/2023 9:21:54,12/5/2023 10:03:10,12/5/2023 11:55:42,M,blackhood,03,A09,,,9,9,50,5,C7,"nan,neck wound - treating"
100,G100_B50_03,111005003,933000320978324,LB,G99_B53_08,G99_B21_03,11/11/2023 9:21:54,12/5/2023 10:03:10,12/5/2023 11:55:42,M,black,03,B09,,,9,9,50,5,C7,"nan,nan"
100,G100_B50_04,111005004,933000320978302,LC,G99_B53_08,G99_B21_03,11/11/2023 9:21:54,12/5/2023 10:03:10,12/5/2023 11:55:42,M,black,03,C09,,,9,9,50,5,C7,"nan,nan"
100,G100_B50_05,111005005,933000320978301,LTRT,G99_B53_08,G99_B21_03,11/11/2023 9:21:54,12/5/2023 10:03:10,12/5/2023 11:59:51,M,black,03,D09,,,9,9,50,4,A3,"nan,nan"
100,G100_B50_09,111005009,933000320978279,RT,G99_B53_08,G99_B21_03,11/11/2023 9:21:54,12/5/2023 10:03:42,12/5/2023 12:07:33,F,blackhood,03,E09,,,9,9,50,5,D7,"nan,nan"
100,G100_B50_10,111005010,933000320978280,RM,G99_B53_08,G99_B21_03,11/11/2023 9:21:54,12/5/2023 10:03:42,12/5/2023 12:07:33,F,black,03,F09,,,9,9,50,5,D7,"nan,nan"
100,G100_B50_11,111005011,933000320978283,RB,G99_B53_08,G99_B21_03,11/11/2023 9:21:54,12/5/2023 10:03:42,12/5/2023 12:07:33,F,black,03,G09,,,9,9,50,5,D7,"nan,nan"
100,G100_B50_12,111005012,933000320978281,RC,G99_B53_08,G99_B21_03,11/11/2023 9:21:54,12/5/2023 10:03:42,12/5/2023 12:07:33,F,black,03,H09,,,9,9,50,5,D7,"nan,nan"
100,G100_B51_01,111005101,933000320978285,LT,G99_B54_07,G99_B31_04,11/13/2023 9:22:02,12/5/2023 10:05:24,12/5/2023 12:13:42,M,brownhood,03,A10,,,9,9,51,5,E7,"nan,nan"
100,G100_B51_02,111005102,933000320978282,LM,G99_B54_07,G99_B31_04,11/13/2023 9:22:02,12/5/2023 10:05:24,12/5/2023 12:13:42,M,brownhood,03,B10,,,9,9,51,5,E7,"nan,nan"
100,G100_B51_03,111005103,933000320978287,LB,G99_B54_07,G99_B31_04,11/13/2023 9:22:02,12/5/2023 10:05:24,12/5/2023 12:13:42,M,blackhood,03,C10,,,9,9,51,5,E7,"nan,nan"
100,G100_B51_04,111005104,933000320978289,LC,G99_B54_07,G99_B31_04,11/13/2023 9:22:02,12/5/2023 10:05:24,12/5/2023 12:13:42,M,blackhood,03,D10,,,9,9,51,5,E7,"nan,nan"
100,G100_B51_05,111005105,933000320978288,LTRT,G99_B54_07,G99_B31_04,11/13/2023 9:22:02,12/5/2023 10:05:24,12/5/2023 12:17:49,M,black,03,E10,,,9,9,51,4,A1,"nan,nan"
100,G100_B51_06,111005106,933000320978284,LTRM,G99_B54_07,G99_B31_04,11/13/2023 9:22:02,12/5/2023 10:05:24,12/5/2023 12:17:49,M,black,03,F10,,,9,9,51,4,A1,"nan,nan"
100,G100_B51_09,111005109,933000320978291,RT,G99_B54_07,G99_B31_04,11/13/2023 9:22:02,12/5/2023 10:05:52,12/5/2023 12:22:03,F,brownhood,03,G10,,,9,9,51,4,B1,"nan,neck wound - healed"
100,G100_B51_10,111005110,933000320978292,RM,G99_B54_07,G99_B31_04,11/13/2023 9:22:02,12/5/2023 10:05:52,12/5/2023 12:22:03,F,brownhood,03,H10,,,9,9,51,4,B1,"nan,nan"
100,G100_B51_11,111005111,933000320978293,RB,G99_B54_07,G99_B31_04,11/13/2023 9:22:02,12/5/2023 10:05:52,12/5/2023 12:22:03,F,black,03,A11,,,9,9,51,4,B1,"nan,nan"
100,G100_B52_01,111005201,933000320946570,LT,G99_B56_06,G99_B64_01,11/27/2023 11:31:13,12/18/2023 10:34:06,12/18/2023 10:47:30,M,albino,07,B08,,,5,5,52,2,E3,"nan,nan"
100,G100_B52_02,111005202,933000320946569,LM,G99_B56_06,G99_B64_01,11/27/2023 11:31:13,12/18/2023 10:34:06,12/18/2023 10:47:30,M,albino,7,C08,,,5,5,52,2,E3,"nan,nan"
100,G100_B52_03,111005203,933000320946575,LB,G99_B56_06,G99_B64_01,11/27/2023 11:31:13,12/18/2023 10:34:06,12/18/2023 10:47:30,M,black,07,D08,,,5,5,52,2,E3,"nan,nan"
100,G100_B52_09,111005209,933000320946567,RT,G99_B56_06,G99_B64_01,11/27/2023 11:31:13,12/18/2023 10:34:30,12/18/2023 10:51:29,F,brown,07,E08,,,5,5,52,2,A4,"nan,nan"
100,G100_B52_10,111005210,933000320946573,RM,G99_B56_06,G99_B64_01,11/27/2023 11:31:13,12/18/2023 10:34:30,12/18/2023 10:51:29,F,black,07,F08,,,5,5,52,2,A4,"nan,nan"
100,G100_B53_01,111005301,933000320946574,LT,G99_B57_08,G99_B38_04,11/27/2023 10:31:58,12/18/2023 10:35:40,12/18/2023 12:32:58,M,albino,07,G08,,,2,2,53,2,B4,"no Fs,nan"
100,G100_B53_02,111005302,933000320946562,LM,G99_B57_08,G99_B38_04,11/27/2023 10:31:58,12/18/2023 10:35:40,12/18/2023 12:32:58,M,albino,07,H08,,,2,2,53,2,B4,"no Fs,nan"
100,G100_B54_01,111005401,933000320978373,LT,G99_B58_06,G99_B51_02,11/13/2023 9:22:29,12/5/2023 10:07:18,12/5/2023 12:27:32,M,albino,03,B11,,,7,7,54,4,C1,"nan,nan"
100,G100_B54_02,111005402,933000320978374,LM,G99_B58_06,G99_B51_02,11/13/2023 9:22:29,12/5/2023 10:07:18,12/5/2023 12:27:32,M,albino,03,C11,,,7,7,54,4,C1,"nan,nan"
100,G100_B54_03,111005403,933000320978375,LB,G99_B58_06,G99_B51_02,11/13/2023 9:22:29,12/5/2023 10:07:18,12/5/2023 12:27:32,M,albino,03,D11,,,7,7,54,4,C1,"nan,nan"
100,G100_B54_04,111005404,933000320978358,LC,G99_B58_06,G99_B51_02,11/13/2023 9:22:29,12/5/2023 10:07:18,12/5/2023 12:27:32,M,brownhood,03,E11,,,7,7,54,4,C1,"nan,nan"
100,G100_B54_05,111005405,933000320978276,LTRT,G99_B58_06,G99_B51_02,11/13/2023 9:22:29,12/5/2023 10:07:18,12/5/2023 12:28:35,M,blackhood,03,F11,,,7,7,54,4,B3,"nan,nan"
100,G100_B54_09,111005409,933000320978354,RT,G99_B58_06,G99_B51_02,11/13/2023 9:22:29,12/5/2023 10:07:47,12/5/2023 12:33:36,F,brownhood,03,G11,,,7,7,54,4,D1,"nan,nan"
100,G100_B54_10,111005410,933000320978359,RM,G99_B58_06,G99_B51_02,11/13/2023 9:22:29,12/5/2023 10:07:47,12/5/2023 12:33:36,F,blackhood,03,H11,,,7,7,54,4,D1,"nan,nan"
100,G100_B55_01,111005501,933000320978367,LT,G99_B58_07,G99_B30_03,11/13/2023 9:22:46,12/5/2023 10:09:25,12/5/2023 12:38:32,M,blackhood,03,A12,,,10,10,55,4,B3,"nan,nan"
100,G100_B55_02,111005502,933000320978372,LM,G99_B58_07,G99_B30_03,11/13/2023 9:22:46,12/5/2023 10:09:25,12/5/2023 12:38:32,M,blackhood,03,B12,,,10,10,55,4,B3,"nan,nan"
100,G100_B55_03,111005503,933000320978325,LB,G99_B58_07,G99_B30_03,11/13/2023 9:22:46,12/5/2023 10:09:25,12/5/2023 12:38:32,M,black,03,C12,,,10,10,55,4,B3,"nan,nan"
100,G100_B55_09,111005509,933000320978365,RT,G99_B58_07,G99_B30_03,11/13/2023 9:22:46,12/5/2023 10:10:02,12/5/2023 12:45:18,F,blackhood,03,D12,,,10,10,55,4,E1,"nan,neck wound - healed"
100,G100_B55_10,111005510,933000320978351,RM,G99_B58_07,G99_B30_03,11/13/2023 9:22:46,12/5/2023 10:10:02,12/5/2023 12:45:18,F,blackhood,03,E12,,,10,10,55,4,E1,"nan,neck wound - healed"
100,G100_B55_11,111005511,933000320978352,RB,G99_B58_07,G99_B30_03,11/13/2023 9:22:46,12/5/2023 10:10:02,12/5/2023 12:45:18,F,black,03,H12,,,10,10,55,4,E1,"nan,nan"
100,G100_B55_12,111005512,933000320978353,RC,G99_B58_07,G99_B30_03,11/13/2023 9:22:46,12/5/2023 10:10:02,12/5/2023 12:45:18,F,black,03,F12,,,10,10,55,4,E1,"nan,nan"
100,G100_B55_13,111005513,933000320978294,LMRM,G99_B58_07,G99_B30_03,11/13/2023 9:22:46,12/5/2023 10:10:02,12/5/2023 12:51:28,F,black,04,A01,,,10,10,55,4,A2,"nan,neck wound - treating"
100,G100_B55_14,111005514,933000320978296,LBRB,G99_B58_07,G99_B30_03,11/13/2023 9:22:46,12/5/2023 10:10:02,12/5/2023 12:51:28,F,black,04,B01,,,10,10,55,4,A2,"nan,neck wound - treating"
100,G100_B55_15,111005515,933000320978298,LCRC,G99_B58_07,G99_B30_03,11/13/2023 9:22:46,12/5/2023 10:10:02,12/5/2023 12:51:28,F,black,04,C01,,,10,10,55,4,A2,"nan,nan"
100,G100_B56_01,111005601,933000320978295,LT,G99_B60_08,G99_B05_02,11/13/2023 9:22:54,12/5/2023 10:12:04,12/5/2023 12:57:15,M,brownhood,04,D01,12/5/2023 10:12:59,1,12,13,56,4,B2,"nan,nan"
100,G100_B56_02,111005602,933000320978297,LM,G99_B60_08,G99_B05_02,11/13/2023 9:22:54,12/5/2023 10:12:04,12/5/2023 12:57:15,M,brownhood,04,E01,12/5/2023 10:12:59,1,12,13,56,4,B2,"nan,nan"
100,G100_B56_03,111005603,933000320978356,LB,G99_B60_08,G99_B05_02,11/13/2023 9:22:54,12/5/2023 10:12:04,12/5/2023 12:57:15,M,brownhood,04,F01,12/5/2023 10:12:59,1,12,13,56,4,B2,"nan,nan"
100,G100_B56_04,111005604,933000320978361,LC,G99_B60_08,G99_B05_02,11/13/2023 9:22:54,12/5/2023 10:12:04,12/5/2023 12:57:15,M,black,04,G01,12/5/2023 10:12:59,1,12,13,56,4,B2,"nan,nan"
100,G100_B56_09,111005609,933000320978363,RT,G99_B60_08,G99_B05_02,11/13/2023 9:22:54,12/5/2023 10:12:51,12/5/2023 13:03:50,F,brownhood,04,H01,12/5/2023 10:12:59,1,12,13,56,4,C2,"nan,nan"
100,G100_B56_10,111005610,933000320978366,RM,G99_B60_08,G99_B05_02,11/13/2023 9:22:54,12/5/2023 10:12:51,12/5/2023 13:03:50,F,brownhood,04,A02,12/5/2023 10:12:59,1,12,13,56,4,C2,"nan,do not assign, double rfid, RMRB"
100,G100_B56_11,111005611,933000320881991,RB,G99_B60_08,G99_B05_02,11/13/2023 9:22:54,12/5/2023 10:12:51,12/5/2023 13:03:50,F,brownhood,04,B02,12/5/2023 10:12:59,1,12,13,56,4,C2,"nan,nan"
100,G100_B56_12,111005612,933000320978368,RC,G99_B60_08,G99_B05_02,11/13/2023 9:22:54,12/5/2023 10:12:51,12/5/2023 13:03:50,F,blackhood,04,C02,12/5/2023 10:12:59,1,12,13,56,4,C2,"nan,nan"
100,G100_B56_13,111005613,933000320978370,LMRM,G99_B60_08,G99_B05_02,11/13/2023 9:22:54,12/5/2023 10:12:51,12/5/2023 13:09:04,F,blackhood,04,D02,12/5/2023 10:12:59,1,12,13,56,4,D2,"nan,nan"
100,G100_B56_14,111005614,933000320978371,LBRB,G99_B60_08,G99_B05_02,11/13/2023 9:22:54,12/5/2023 10:12:51,12/5/2023 13:09:04,F,brown,04,E02,12/5/2023 10:12:59,1,12,13,56,4,D2,"nan,nan"
100,G100_B56_15,111005615,933000320978300,LCRC,G99_B60_08,G99_B05_02,11/13/2023 9:22:54,12/5/2023 10:12:51,12/5/2023 13:09:04,F,brown,04,F02,12/5/2023 10:12:59,1,12,13,56,4,D2,"nan,nan"
100,G100_B56_16,111005616,933000320978299,LMRT,G99_B60_08,G99_B05_02,11/13/2023 9:22:54,12/5/2023 10:12:51,12/5/2023 13:09:04,F,black,04,G02,12/5/2023 10:12:59,1,12,13,56,4,D2,"nan,nan"
100,G100_B57_01,111005701,933000320978246,LT,G99_B61_07,G99_B41_03,11/14/2023 9:35:46,12/7/2023 10:04:03,12/7/2023 11:54:04,M,brownhood,05,B05,,,10,10,57,3,A2,"nan,nan"
100,G100_B57_02,111005702,933000320978240,LM,G99_B61_07,G99_B41_03,11/14/2023 9:35:46,12/7/2023 10:04:03,12/7/2023 11:54:04,M,brownhood,05,C05,,,10,10,57,3,A2,"nan,nan"
100,G100_B57_03,111005703,933000320978245,LB,G99_B61_07,G99_B41_03,11/14/2023 9:35:46,12/7/2023 10:04:03,12/7/2023 11:54:04,M,brown,05,D05,,,10,10,57,3,A2,"nan,nan"
100,G100_B57_04,111005704,933000320978248,LC,G99_B61_07,G99_B41_03,11/14/2023 9:35:46,12/7/2023 10:04:03,12/7/2023 11:54:04,M,brown,05,E05,,,10,10,57,3,A2,"nan,nan"
100,G100_B57_05,111005705,933000320978250,LTRT,G99_B61_07,G99_B41_03,11/14/2023 9:35:46,12/7/2023 10:04:03,12/7/2023 11:56:15,M,brown,05,F05,,,10,10,57,3,D3,"nan,nan"
100,G100_B57_09,111005709,933000320946910,RT,G99_B61_07,G99_B41_03,11/14/2023 9:35:46,12/7/2023 10:04:31,12/7/2023 12:00:20,F,brownhood,05,G05,,,10,10,57,3,B2,"nan,nan"
100,G100_B57_10,111005710,933000320946922,RM,G99_B61_07,G99_B41_03,11/14/2023 9:35:46,12/7/2023 10:04:31,12/7/2023 12:00:20,F,brownhood,05,H05,,,10,10,57,3,B2,"nan,nan"
100,G100_B57_11,111005711,933000320946917,RB,G99_B61_07,G99_B41_03,11/14/2023 9:35:46,12/7/2023 10:04:31,12/7/2023 12:00:20,F,brownhood,05,A06,,,10,10,57,3,B2,"nan,nan"
100,G100_B57_12,111005712,933000320946918,RC,G99_B61_07,G99_B41_03,11/14/2023 9:35:46,12/7/2023 10:04:31,12/7/2023 12:00:20,F,brownhood,05,B06,,,10,10,57,3,B2,"nan,nan"
100,G100_B57_13,111005713,933000320946905,LMRM,G99_B61_07,G99_B41_03,11/14/2023 9:35:46,12/7/2023 10:04:31,12/7/2023 12:02:25,F,brownhood,05,C06,,,10,10,57,3,A4,"nan,nan"
100,G100_B58_01,111005801,933000320946451,LT,G99_B62_05,G99_B57_03,11/13/2023 9:25:25,12/6/2023 10:22:15,12/6/2023 12:51:00,M,brownhood,04,G10,,,4,4,58,4,D6,"nan,nan"
100,G100_B58_02,111005802,933000320946458,LM,G99_B62_05,G99_B57_03,11/13/2023 9:25:25,12/6/2023 10:22:15,12/6/2023 12:51:00,M,brownhood,04,H10,,,4,4,58,4,D6,"nan,nan"
100,G100_B58_03,111005803,933000320946452,LB,G99_B62_05,G99_B57_03,11/13/2023 9:25:25,12/6/2023 10:22:15,12/6/2023 12:51:00,M,blackhood,04,A11,,,4,4,58,4,D6,"nan,nan"
100,G100_B58_09,111005809,933000320946456,RT,G99_B62_05,G99_B57_03,11/13/2023 9:25:25,12/6/2023 10:22:40,12/6/2023 12:52:56,F,black,04,B11,,,4,4,58,4,C7,"only F from litter,nan"
100,G100_B59_01,111005901,933000320946578,LT,G99_B62_06,G99_B37_02,11/14/2023 9:35:55,12/7/2023 10:06:01,12/7/2023 12:12:33,M,brown,05,D06,,,9,9,59,3,C2,"nan,nan"
100,G100_B59_02,111005902,933000320946915,LM,G99_B62_06,G99_B37_02,11/14/2023 9:35:55,12/7/2023 10:06:01,12/7/2023 12:12:33,M,brown,05,E06,,,9,9,59,3,C2,"nan,nan"
100,G100_B59_03,111005903,933000320946908,LB,G99_B62_06,G99_B37_02,11/14/2023 9:35:55,12/7/2023 10:06:01,12/7/2023 12:12:33,M,brown,05,F06,,,9,9,59,3,C2,"nan,nan"
100,G100_B59_04,111005904,933000320946907,LC,G99_B62_06,G99_B37_02,11/14/2023 9:35:55,12/7/2023 10:06:01,12/7/2023 12:12:33,M,brown,05,G06,,,9,9,59,3,C2,"nan,nan"
100,G100_B59_05,111005905,933000320978232,LTRT,G99_B62_06,G99_B37_02,11/14/2023 9:35:55,12/7/2023 10:06:01,12/7/2023 12:16:07,M,brown,05,H06,,,9,9,59,3,D3,"nan,nan"
100,G100_B59_06,111005906,933000320946921,LTRM,G99_B62_06,G99_B37_02,11/14/2023 9:35:55,12/7/2023 10:06:01,12/7/2023 12:16:07,M,black,05,A07,,,9,9,59,3,D3,"nan,nan"
100,G100_B59_09,111005909,933000320946902,RT,G99_B62_06,G99_B37_02,11/14/2023 9:35:55,12/7/2023 10:06:29,12/7/2023 12:19:07,F,brown,05,B07,,,9,9,59,3,A4,"nan,nan"
100,G100_B59_10,111005910,933000320946914,RM,G99_B62_06,G99_B37_02,11/14/2023 9:35:55,12/7/2023 10:06:29,12/7/2023 12:19:07,F,brown,05,C07,,,9,9,59,3,A4,"nan,nan"
100,G100_B59_11,111005911,933000320946909,RB,G99_B62_06,G99_B37_02,11/14/2023 9:35:55,12/7/2023 10:06:29,12/7/2023 12:19:07,F,brown,05,D07,,,9,9,59,3,A4,"nan,nan"
100,G100_B60_01,111006001,933000320978226,LT,G99_B62_07,G99_B43_03,11/15/2023 10:49:18,12/8/2023 8:29:10,12/8/2023 9:07:40,M,brownhood,06,B02,,,7,7,60,3,E4,"nan,nan"
100,G100_B60_02,111006002,933000320947022,LM,G99_B62_07,G99_B43_03,11/15/2023 10:49:18,12/8/2023 8:29:10,12/8/2023 9:07:40,M,blackhood,06,C02,,,7,7,60,3,E4,"nan,nan"
100,G100_B60_03,111006003,933000320947018,LB,G99_B62_07,G99_B43_03,11/15/2023 10:49:18,12/8/2023 8:29:10,12/8/2023 9:07:40,M,brown,06,D02,,,7,7,60,3,E4,"nan,nan"
100,G100_B60_09,111006009,933000320980775,RT,G99_B62_07,G99_B43_03,11/15/2023 10:49:18,12/8/2023 8:29:35,12/8/2023 9:13:14,F,blackhood,06,E02,,,7,7,60,3,A5,"nan,nan"
100,G100_B60_10,111006010,933000320980774,RM,G99_B62_07,G99_B43_03,11/15/2023 10:49:18,12/8/2023 8:29:35,12/8/2023 9:13:14,F,blackhood,06,F02,,,7,7,60,3,A5,"nan,nan"
100,G100_B60_11,111006011,933000320980773,RB,G99_B62_07,G99_B43_03,11/15/2023 10:49:18,12/8/2023 8:29:35,12/8/2023 9:13:14,F,brown,06,G02,,,7,7,60,3,A5,"nan,nan"
100,G100_B60_12,111006012,933000320980772,RC,G99_B62_07,G99_B43_03,11/15/2023 10:49:18,12/8/2023 8:29:35,12/8/2023 9:13:14,F,black,06,H02,,,7,7,60,3,A5,"nan,nan"
100,G100_B61_01,111006101,933000320946455,LT,G99_B63_05,G99_B45_01,11/13/2023 9:23:01,12/6/2023 10:24:04,12/6/2023 12:57:11,M,albino,04,C11,,,8,8,61,4,B6,"nan,ACTUALLY RT"
100,G100_B61_02,111006102,933000320946454,LM,G99_B63_05,G99_B45_01,11/13/2023 9:23:01,12/6/2023 10:24:04,12/6/2023 12:57:11,M,albino,04,D11,,,8,8,61,4,B6,"nan,neck wound - treating"
100,G100_B61_03,111006103,933000320946460,LB,G99_B63_05,G99_B45_01,11/13/2023 9:23:01,12/6/2023 10:24:04,12/6/2023 12:57:11,M,albino,04,E11,,,8,8,61,4,B6,"nan,neck wound - treating"
100,G100_B61_04,111006104,933000320946459,LC,G99_B63_05,G99_B45_01,11/13/2023 9:23:01,12/6/2023 10:24:04,12/6/2023 12:57:11,M,albino,04,F11,,,8,8,61,4,B6,"nan,nan"
100,G100_B61_09,111006109,933000320946466,RT,G99_B63_05,G99_B45_01,11/13/2023 9:23:01,12/6/2023 10:24:32,12/6/2023 13:02:01,F,albino,04,G11,,,8,8,61,4,C6,"nan,nan"
100,G100_B61_10,111006110,933000320946464,RM,G99_B63_05,G99_B45_01,11/13/2023 9:23:01,12/6/2023 10:24:32,12/6/2023 13:02:01,F,albino,04,H11,,,8,8,61,4,C6,"nan,nan"
100,G100_B61_11,111006111,933000320946472,RB,G99_B63_05,G99_B45_01,11/13/2023 9:23:01,12/6/2023 10:24:32,12/6/2023 13:02:01,F,albino,04,A12,,,8,8,61,4,C6,"nan,nan"
100,G100_B61_12,111006112,933000320946471,RC,G99_B63_05,G99_B45_01,11/13/2023 9:23:01,12/6/2023 10:24:32,12/6/2023 13:02:01,F,albino,04,B12,,,8,8,61,4,C6,"nan,nan"
100,G100_B62_01,111006201,933000320947013,LT,G99_B63_06,G99_B14_02,11/20/2023 10:49:02,12/11/2023 13:38:18,12/11/2023 14:04:17,M,albino,06,F06,,,9,9,62,3,E6,"nan,nan"
100,G100_B62_02,111006202,933000320947007,LM,G99_B63_06,G99_B14_02,11/20/2023 10:49:02,12/11/2023 13:38:18,12/11/2023 14:04:17,M,albino,06,G06,,,9,9,62,3,E6,"nan,nan"
100,G100_B62_03,111006203,933000320947014,LB,G99_B63_06,G99_B14_02,11/20/2023 10:49:02,12/11/2023 13:38:18,12/11/2023 14:04:17,M,albino,06,H06,,,9,9,62,3,E6,"nan,nan"
100,G100_B62_04,111006204,933000320947001,LC,G99_B63_06,G99_B14_02,11/20/2023 10:49:02,12/11/2023 13:38:18,12/11/2023 14:04:17,M,albino,06,A07,,,9,9,62,3,E6,"nan,nan"
100,G100_B62_05,111006205,933000320947017,LTRT,G99_B63_06,G99_B14_02,11/20/2023 10:49:02,12/11/2023 13:38:18,12/11/2023 14:06:34,M,blackhood,06,B07,,,9,9,62,3,B7,"nan,nan"
100,G100_B62_09,111006209,933000320947021,RT,G99_B63_06,G99_B14_02,11/20/2023 10:49:02,12/11/2023 13:38:48,12/11/2023 14:11:42,F,albino,06,C07,,,9,9,62,3,A7,"nan,nan"
100,G100_B62_10,111006210,933000320947002,RM,G99_B63_06,G99_B14_02,11/20/2023 10:49:02,12/11/2023 13:38:48,12/11/2023 14:11:42,F,albino,06,D07,,,9,9,62,3,A7,"nan,nan"
100,G100_B62_11,111006211,933000320947008,RB,G99_B63_06,G99_B14_02,11/20/2023 10:49:02,12/11/2023 13:38:48,12/11/2023 14:11:42,F,albino,06,E07,,,9,9,62,3,A7,"nan,nan"
100,G100_B62_12,111006212,933000320947011,RC,G99_B63_06,G99_B14_02,11/20/2023 10:49:02,12/11/2023 13:38:48,12/11/2023 14:11:42,F,brownhood,06,F07,,,9,9,62,3,A7,"nan,nan"
100,G100_B63_01,111006301,933000320978237,LT,G99_B64_05,G99_B23_02,11/14/2023 9:36:02,12/7/2023 10:08:08,12/7/2023 12:22:54,M,albino,05,E07,,,10,10,63,3,B4,"nan,nan"
100,G100_B63_02,111006302,933000320946904,LM,G99_B64_05,G99_B23_02,11/14/2023 9:36:02,12/7/2023 10:08:08,12/7/2023 12:22:54,M,albino,05,F07,,,10,10,63,3,B4,"nan,neck wound - treating"
100,G100_B63_03,111006303,933000320946903,LB,G99_B64_05,G99_B23_02,11/14/2023 9:36:02,12/7/2023 10:08:08,12/7/2023 12:22:54,M,albino,05,G07,,,10,10,63,3,B4,"nan,neck wound - treating"
100,G100_B63_09,111006309,933000320946924,RT,G99_B64_05,G99_B23_02,11/14/2023 9:36:02,12/7/2023 10:08:44,12/7/2023 12:27:19,F,albino,05,H07,,,10,10,63,3,D2,"nan,nan"
100,G100_B63_10,111006310,933000320946923,RM,G99_B64_05,G99_B23_02,11/14/2023 9:36:02,12/7/2023 10:08:44,12/7/2023 12:27:19,F,albino,05,A08,,,10,10,63,3,D2,"nan,nan"
100,G100_B63_11,111006311,933000320946919,RB,G99_B64_05,G99_B23_02,11/14/2023 9:36:02,12/7/2023 10:08:44,12/7/2023 12:27:19,F,albino,05,B08,,,10,10,63,3,D2,"nan,nan"
100,G100_B63_12,111006312,933000320946913,RC,G99_B64_05,G99_B23_02,11/14/2023 9:36:02,12/7/2023 10:08:44,12/7/2023 12:27:19,F,albino,05,C08,,,10,10,63,3,D2,"nan,neck wound - treating"
100,G100_B63_13,111006313,933000320946920,LMRM,G99_B64_05,G99_B23_02,11/14/2023 9:36:02,12/7/2023 10:08:44,12/7/2023 12:33:14,F,albino,05,D08,,,10,10,63,3,E2,"nan,dehydrated"
100,G100_B63_14,111006314,933000320946901,LBRB,G99_B64_05,G99_B23_02,11/14/2023 9:36:02,12/7/2023 10:08:44,12/7/2023 12:33:14,F,albino,05,E08,,,10,10,63,3,E2,"nan,dehydrated - FD"
100,G100_B63_15,111006315,933000320946911,LCRC,G99_B64_05,G99_B23_02,11/14/2023 9:36:02,12/7/2023 10:08:44,12/7/2023 12:33:14,F,albino,05,F08,,,10,10,63,3,E2,"nan,dehydrated - dead"
100,G100_B65_01,111006501,933000320946580,LT,G99_B65_08,G99_B33_02,11/14/2023 9:36:07,12/7/2023 10:10:18,12/7/2023 12:37:35,M,brownhood,05,G08,,,11,11,65,3,A3,"nan,nan"
100,G100_B65_02,111006502,933000320946583,LM,G99_B65_08,G99_B33_02,11/14/2023 9:36:07,12/7/2023 10:10:18,12/7/2023 12:37:35,M,brown,05,H08,,,11,11,65,3,A3,"nan,nan"
100,G100_B65_03,111006503,933000320946916,LB,G99_B65_08,G99_B33_02,11/14/2023 9:36:07,12/7/2023 10:10:18,12/7/2023 12:37:35,M,brown,05,A09,,,11,11,65,3,A3,"nan,nan"
100,G100_B65_04,111006504,933000320946576,LC,G99_B65_08,G99_B33_02,11/14/2023 9:36:07,12/7/2023 10:10:18,12/7/2023 12:37:35,M,brown,05,B09,,,11,11,65,3,A3,"nan,nan"
100,G100_B65_05,111006505,933000320946912,LTRT,G99_B65_08,G99_B33_02,11/14/2023 9:36:07,12/7/2023 10:10:18,12/7/2023 12:41:21,M,brown,05,C09,,,11,11,65,3,B3,"nan,nan"
100,G100_B65_06,111006506,933000320978238,LTRM,G99_B65_08,G99_B33_02,11/14/2023 9:36:07,12/7/2023 10:10:18,12/7/2023 12:41:21,M,brown,05,D09,,,11,11,65,3,B3,"nan,nan"
100,G100_B65_07,111006507,933000320946906,LTRB,G99_B65_08,G99_B33_02,11/14/2023 9:36:07,12/7/2023 10:10:18,12/7/2023 12:41:21,M,black,05,E09,,,11,11,65,3,B3,"nan,nan"
100,G100_B65_09,111006509,933000320946925,RT,G99_B65_08,G99_B33_02,11/14/2023 9:36:07,12/7/2023 10:10:45,12/7/2023 12:47:11,F,brownhood,05,F09,,,11,11,65,3,C3,"nan,nan"
100,G100_B65_10,111006510,933000320946579,RM,G99_B65_08,G99_B33_02,11/14/2023 9:36:07,12/7/2023 10:10:45,12/7/2023 12:47:11,F,blackhood,05,G09,,,11,11,65,3,C3,"nan,nan"
100,G100_B65_11,111006511,933000320946577,RB,G99_B65_08,G99_B33_02,11/14/2023 9:36:07,12/7/2023 10:10:45,12/7/2023 12:47:11,F,brown,05,H09,,,11,11,65,3,C3,"nan,nan"
100,G100_B65_12,111006512,933000320978355,RC,G99_B65_08,G99_B33_02,11/14/2023 9:36:07,12/7/2023 10:10:45,12/7/2023 12:47:11,F,brown,05,A10,,,11,11,65,3,C3,"nan,nan"
100,G100_B66_01,111006601,933000320881996,LT,G99_B67_07,G99_B10_03,11/21/2023 10:44:35,12/12/2023 10:29:04,12/12/2023 10:59:27,M,black,07,H01,,,9,9,66,3,E7,"nan,nan"
100,G100_B66_02,111006602,933000320947004,LM,G99_B67_07,G99_B10_03,11/21/2023 10:44:35,12/12/2023 10:29:04,12/12/2023 10:59:27,M,black,07,A02,,,9,9,66,3,E7,"nan,nan"
100,G100_B66_03,111006603,933000320881995,LB,G99_B67_07,G99_B10_03,11/21/2023 10:44:35,12/12/2023 10:29:04,12/12/2023 10:59:27,M,black,07,B02,,,9,9,66,3,E7,"nan,nan"
100,G100_B66_09,111006609,933000320881994,RT,G99_B67_07,G99_B10_03,11/21/2023 10:44:35,12/12/2023 10:29:43,12/12/2023 11:05:53,F,black,07,C02,,,9,9,66,2,A1,"nan,nan"
100,G100_B66_10,111006610,933000320947010,RM,G99_B67_07,G99_B10_03,11/21/2023 10:44:35,12/12/2023 10:29:43,12/12/2023 11:05:53,F,black,07,D02,,,9,9,66,2,A1,"nan,nan"
100,G100_B66_11,111006611,933000320947005,RB,G99_B67_07,G99_B10_03,11/21/2023 10:44:35,12/12/2023 10:29:43,12/12/2023 11:05:53,F,black,07,E02,,,9,9,66,2,A1,"nan,nan"
100,G100_B66_12,111006612,933000320882000,RC,G99_B67_07,G99_B10_03,11/21/2023 10:44:35,12/12/2023 10:29:43,12/12/2023 11:05:53,F,black,07,F02,,,9,9,66,2,A1,"nan,nan"
100,G100_B66_13,111006613,933000320881999,LMRM,G99_B67_07,G99_B10_03,11/21/2023 10:44:35,12/12/2023 10:29:43,12/12/2023 11:10:05,F,black,07,G02,,,9,9,66,2,B1,"nan,nan"
100,G100_B66_14,111006614,933000320881998,LBRB,G99_B67_07,G99_B10_03,11/21/2023 10:44:35,12/12/2023 10:29:43,12/12/2023 11:10:05,F,black,07,H02,,,9,9,66,2,B1,"nan,nan"
100,G100_B67_01,111006701,933000320980765,LT,G99_B68_07,G99_B58_03,11/15/2023 10:40:12,12/8/2023 8:31:24,12/8/2023 9:17:44,M,albino,06,A03,,,11,11,67,3,B5,"nan,nan"
100,G100_B67_02,111006702,933000320980761,LM,G99_B68_07,G99_B58_03,11/15/2023 10:40:12,12/8/2023 8:31:24,12/8/2023 9:17:44,M,albino,06,B03,,,11,11,67,3,B5,"nan,nan"
100,G100_B67_03,111006703,933000320980770,LB,G99_B68_07,G99_B58_03,11/15/2023 10:40:12,12/8/2023 8:31:24,12/8/2023 9:17:44,M,brownhood,06,C03,,,11,11,67,3,B5,"nan,nan"
100,G100_B67_04,111006704,933000320980766,LC,G99_B68_07,G99_B58_03,11/15/2023 10:40:12,12/8/2023 8:31:24,12/8/2023 9:17:44,M,blackhood,06,D03,,,11,11,67,3,B5,"nan,nan"
100,G100_B67_05,111006705,933000320980769,LTRT,G99_B68_07,G99_B58_03,11/15/2023 10:40:12,12/8/2023 8:31:24,12/8/2023 9:20:46,M,blackhood,06,E03,,,11,11,67,3,C5,"nan,nan"
100,G100_B67_06,111006706,933000320980758,LTRM,G99_B68_07,G99_B58_03,11/15/2023 10:40:12,12/8/2023 8:31:24,12/8/2023 9:20:46,M,brown,06,F03,,,11,11,67,3,C5,"nan,nan"
100,G100_B67_09,111006709,933000320980768,RT,G99_B68_07,G99_B58_03,11/15/2023 10:40:12,12/8/2023 8:31:51,12/8/2023 9:25:18,F,albino,06,G03,,,11,11,67,3,D5,"nan,nan"
100,G100_B67_10,111006710,933000320980767,RM,G99_B68_07,G99_B58_03,11/15/2023 10:40:12,12/8/2023 8:31:51,12/8/2023 9:25:18,F,blackhood,06,H03,,,11,11,67,3,D5,"nan,neck wound - treating"
100,G100_B67_11,111006711,933000320980759,RB,G99_B68_07,G99_B58_03,11/15/2023 10:40:12,12/8/2023 8:31:51,12/8/2023 9:25:18,F,black,06,A04,,,11,11,67,3,D5,"nan,nan"
100,G100_B67_12,111006712,933000320980751,RC,G99_B68_07,G99_B58_03,11/15/2023 10:40:12,12/8/2023 8:31:51,12/8/2023 9:25:18,F,black,06,B04,,,11,11,67,3,D5,"nan,nan"
100,G100_B67_13,111006713,933000320980757,LMRM,G99_B68_07,G99_B58_03,11/15/2023 10:40:12,12/8/2023 8:31:51,12/8/2023 9:31:02,F,black,06,C04,,,11,11,67,3,B6,"nan,nan"
100,G100_B68_01,111006801,933000320882104,LT,G99_B68_08,G99_B43_02,11/23/2023 10:10:32,12/14/2023 9:52:13,12/14/2023 10:46:14,M,albino,07,E05,,,10,10,68,2,D2,"nan,nan"
100,G100_B68_02,111006802,933000320882106,LM,G99_B68_08,G99_B43_02,11/23/2023 10:10:32,12/14/2023 9:52:13,12/14/2023 10:46:14,M,albino,07,F05,,,10,10,68,2,D2,"nan,nan"
100,G100_B68_03,111006803,933000320882120,LB,G99_B68_08,G99_B43_02,11/23/2023 10:10:32,12/14/2023 9:52:13,12/14/2023 10:46:14,M,brown,07,G05,,,10,10,68,2,D2,"nan,nan"
100,G100_B68_04,111006804,933000320882105,LC,G99_B68_08,G99_B43_02,11/23/2023 10:10:32,12/14/2023 9:52:13,12/14/2023 10:46:14,M,brown,07,H05,,,10,10,68,2,D2,"nan,nan"
100,G100_B68_09,111006809,933000320882111,RT,G99_B68_08,G99_B43_02,11/23/2023 10:10:32,12/14/2023 9:52:43,12/14/2023 10:54:55,F,albino,07,A06,,,10,10,68,2,E2,"nan,nan"
100,G100_B68_10,111006810,933000320882107,RM,G99_B68_08,G99_B43_02,11/23/2023 10:10:32,12/14/2023 9:52:43,12/14/2023 10:54:55,F,albino,07,B06,,,10,10,68,2,E2,"nan,nan"
100,G100_B68_11,111006811,933000320882109,RB,G99_B68_08,G99_B43_02,11/23/2023 10:10:32,12/14/2023 9:52:43,12/14/2023 10:54:55,F,albino,07,C06,,,10,10,68,2,E2,"nan,nan"
100,G100_B68_12,111006812,933000320882108,RC,G99_B68_08,G99_B43_02,11/23/2023 10:10:32,12/14/2023 9:52:43,12/14/2023 10:54:55,F,brown,07,D06,,,10,10,68,2,E2,"nan,ACTUALLY LMRM"
100,G100_B68_13,111006813,933000320946572,LMRM,G99_B68_08,G99_B43_02,11/23/2023 10:10:32,12/14/2023 9:52:43,12/14/2023 11:06:07,F,brown,07,E06,,,10,10,68,2,A3,"nan,nan"
100,G100_B68_14,111006814,933000320882115,LBRB,G99_B68_08,G99_B43_02,11/23/2023 10:10:32,12/14/2023 9:52:43,12/14/2023 11:06:07,F,brown,07,F06,,,10,10,68,2,A3,"nan,nan"
100,G100_B69_01,111006901,933000320978227,LT,G99_B69_05,G99_B60_01,11/14/2023 9:36:13,12/8/2023 8:34:04,12/8/2023 9:35:00,M,brownhood,06,D04,,,9,9,69,3,E5,"nan,nan"
100,G100_B69_02,111006902,933000320978233,LM,G99_B69_05,G99_B60_01,11/14/2023 9:36:13,12/8/2023 8:34:04,12/8/2023 9:35:00,M,blackhood,06,E04,,,9,9,69,3,E5,"nan,nan"
100,G100_B69_03,111006903,933000320978230,LB,G99_B69_05,G99_B60_01,11/14/2023 9:36:13,12/8/2023 8:34:04,12/8/2023 9:35:00,M,blackhood,06,F04,,,9,9,69,3,E5,"nan,nan"
100,G100_B69_09,111006909,933000320978234,RT,G99_B60_01,G99_B60_01,11/14/2023 9:36:13,12/8/2023 8:34:37,12/8/2023 9:39:38,F,brownhood,06,G04,,,9,9,69,3,A6,"nan,nan"
100,G100_B69_10,111006910,933000320978231,RM,G99_B60_01,G99_B60_01,11/14/2023 9:36:13,12/8/2023 8:34:37,12/8/2023 9:39:38,F,brown,06,H04,,,9,9,69,3,A6,"nan,nan"
100,G100_B69_11,111006911,933000320978235,RB,G99_B60_01,G99_B60_01,11/14/2023 9:36:13,12/8/2023 8:34:37,12/8/2023 9:39:38,F,brown,06,A05,,,9,9,69,3,A6,"nan,nan"
100,G100_B69_12,111006912,933000320978229,RC,G99_B60_01,G99_B60_01,11/14/2023 9:36:13,12/8/2023 8:34:37,12/8/2023 9:39:38,F,brown,06,B05,,,9,9,69,3,A6,"nan,nan"
100,G100_B69_13,111006913,933000320978228,LMRM,G99_B60_01,G99_B60_01,11/14/2023 9:36:13,12/8/2023 8:34:37,12/8/2023 9:42:44,F,brown,06,C05,,,9,9,69,3,B6,"nan,nan"
100,G100_B69_14,111006914,933000320980756,LBRB,G99_B60_01,G99_B60_01,11/14/2023 9:36:13,12/8/2023 8:34:37,12/8/2023 9:42:44,F,black,06,D05,,,9,9,69,3,B6,"nan,nan"
100,G100_B70_01,111007001,933000320882114,LT,G99_B69_07,G99_B34_03,11/23/2023 10:10:39,12/14/2023 9:54:26,12/14/2023 11:12:25,M,albino,07,G06,,,11,11,70,2,B3,"nan,nan"
100,G100_B70_02,111007002,933000320882121,LM,G99_B69_07,G99_B34_03,11/23/2023 10:10:39,12/14/2023 9:54:26,12/14/2023 11:12:25,M,brownhood,07,H06,,,11,11,70,2,B3,"nan,nan"
100,G100_B70_03,111007003,933000320882101,LB,G99_B69_07,G99_B34_03,11/23/2023 10:10:39,12/14/2023 9:54:26,12/14/2023 11:12:25,M,brownhood,07,A07,,,11,11,70,2,B3,"nan,nan"
100,G100_B70_05,111007005,933000320882112,LTRT,G99_B69_07,G99_B34_03,11/23/2023 10:10:39,12/14/2023 9:54:26,12/14/2023 11:20:16,M,brownhood,07,C07,,,11,11,70,2,C3,"nan,nan"
100,G100_B70_06,111007006,933000320882119,LTRM,G99_B69_07,G99_B34_03,11/23/2023 10:10:39,12/14/2023 9:54:26,12/14/2023 11:20:16,M,brownhood,07,D07,,,11,11,70,2,C3,"nan,nan"
100,G100_B70_07,111007007,933000320882113,LTRB,G99_B69_07,G99_B34_03,11/23/2023 10:10:39,12/14/2023 9:54:26,12/14/2023 11:20:16,M,brownhood,07,E07,,,11,11,70,2,C3,"nan,nan"
100,G100_B70_08,111007008,933000320946551,LTRC,G99_B69_07,G99_B34_03,11/23/2023 10:10:39,12/14/2023 9:54:26,12/14/2023 11:20:16,M,brownhood,07,F07,,,11,11,70,2,C3,"nan,nan"
100,G100_B70_09,111007009,933000320882117,RT,G99_B69_07,G99_B34_03,11/23/2023 10:10:39,12/14/2023 9:54:54,12/14/2023 11:25:01,F,brownhood,07,G07,,,11,11,70,2,D3,"nan,nan"
100,G100_B70_10,111007010,933000320882122,RM,G99_B69_07,G99_B34_03,11/23/2023 10:10:39,12/14/2023 9:54:54,12/14/2023 11:25:01,F,brownhood,07,H07,,,11,11,70,2,D3,"nan,nan"
100,G100_B70_11,111007011,933000320882116,RB,G99_B69_07,G99_B34_03,11/23/2023 10:10:39,12/14/2023 9:54:54,12/14/2023 11:25:01,F,brownhood,07,A08,,,11,11,70,2,D3,"nan,nan"