rfid,trait_1,trait_1_rank,trait_1_zscore,trait_2,trait_2_rank,trait_2_zscore,trait_3,trait_3_rank,trait_3_zscore
933000320946458,0.169846530449656,369,0.923387477444935,0.0891106899316357,300,0.447348849442677,-0.00125849586555425,378,1.00219721736689
933000320946459,-0.0596842708513423,85,-0.884104414742827,0.144123901682757,336,0.715137600589344,-0.0655026339451025,124,-0.606514155186316
933000320946463,-0.00781235212454173,150,-0.47562733018822,0.191033306326951,374,0.943479311368415,-0.0667272093773284,117,-0.637178251293136
933000320946464,-0.139902529813193,25,-1.51580112758976,-0.0492437330390325,187,-0.226121340055533,-0.0671869237462701,116,-0.648689772119002
933000320946465,-0.0278835916165575,125,-0.633682817479457,0.357665630927764,429,1.75459832596782,-0.114510441419009,14,-1.83369876041132
933000320946466,-0.145112593219908,23,-1.55682894308138,0.237914986413152,401,1.17168606684266,-0.103797076912608,26,-1.56542975042921
933000320946467,-0.16900295618282,16,-1.7449589766635,0.0962141628824078,303,0.481926546140282,-0.0100984638083913,352,0.780839169959684
933000320946471,-0.107909428839626,44,-1.26386426208894,0.173379000715837,358,0.857543146191413,-0.0620706057765591,137,-0.520574131540543
933000320946472,-0.0396609446615057,104,-0.726426231520264,-0.0171139043573224,206,-0.0697224238069084,-0.0378544206727,246,0.0858135256211825
933000320946474,-0.0855386141261162,62,-1.08770025278337,0.177181198589328,362,0.876051169768744,-0.0472024375544369,212,-0.148266368949879
933000320946503,-0.0970524135000152,55,-1.17836825419599,0.201607174087547,382,0.994949908199046,-0.049761999683353,196,-0.212359324799726
933000320946511,0.0159582823617762,183,-0.288440125409392,0.0151034818049569,228,0.0871026974864471,-0.0548098853179764,175,-0.338761379065151
933000320946513,0.118128390881295,307,0.516121361442225,0.0470371163108946,260,0.242546595992242,0.01209519497025,413,1.33658156674548
933000320946517,0.00360114264311838,168,-0.385749199945386,0.366141763789714,430,1.79585774277706,-0.024148996672256,305,0.429005482339127
933000320946578,0.274948283221571,428,1.75103485598059,0.179839070115922,368,0.88898893642805,-0.0538421881082554,181,-0.314529666211622
933000320946580,-0.0288417093111418,122,-0.641227730645389,0.179647335744778,366,0.888055627752437,-0.114910516410989,12,-1.84371687581783
933000320946586,-0.134165126391958,31,-1.47062065461048,-0.103066715054703,149,-0.488116389575105,-0.00944388303001681,354,0.797230261410268
933000320946587,-0.0649824458847006,78,-0.925826085045492,-0.064104911373112,179,-0.298461351844973,0.0103881474387658,410,1.29383608272969
933000320946588,-0.0553057472172325,86,-0.849624746116447,-0.0693132970173347,174,-0.323814299668969,-0.0727685653582396,91,-0.788457393058572
933000320946589,0.0394621198345236,216,-0.103353873688521,0.0391374167762971,252,0.204093093543158,-0.0898060014860005,44,-1.21508491234975
933000320946592,0.151788380688049,344,0.781184517768015,-0.165216237098042,105,-0.790642680307599,0.00363843594840672,393,1.1248192983104
933000320946593,-0.00282091892282103,157,-0.436321167392771,0.250458078528986,407,1.23274229072598,-0.0827662273141914,59,-1.03880478611671
933000320946595,0.0432714934304862,220,-0.0733561049795301,-0.10151595852543,150,-0.480567745511473,-0.0919128984322967,39,-1.26784286318579
933000320946596,0.166254353649282,363,0.895100073727532,-0.381155299703762,17,-1.8417729462621,-0.0203844087588942,317,0.523272999504703
933000320946597,0.273508007736408,427,1.73969308290616,-0.164565578457972,106,-0.787475458124042,-0.0478135556787674,209,-0.16356912973043
933000320946598,0.0726406573634098,255,0.157917978447206,-0.103195682187158,148,-0.488744165090114,-0.081217016336768,63,-1.00001162315484
933000320946599,0.0290451517728933,205,-0.185384630370647,0.159623077453411,346,0.790583203405678,-0.0575290644738951,159,-0.406851240068807
933000320946600,0.150860515121736,342,0.773877831786682,0.0516014169178974,265,0.264764320071628,-0.0828467255291491,58,-1.0408205092277
933000320946631,0.111810483015946,295,0.466369575723354,0.0352052740125461,248,0.184952535002439,-0.025281537117586,298,0.4006459969644
933000320946633,0.118499382725311,309,0.519042820114984,-0.0849642040184341,162,-0.399998487189189,-0.0130402836578896,343,0.707174253760936
933000320946636,0.0489847224139889,228,-0.0283659990444609,-0.103774660979943,147,-0.491562470055867,-0.0680262760387103,109,-0.669707652018883
933000320946637,-0.0797323170748901,68,-1.04197726142779,0.0891547897166231,301,0.44756351471983,-0.0755253352450953,77,-0.857488548290286
933000320946638,0.0702463231086775,251,0.139063255124296,0.223934889891396,393,1.10363491205084,-0.0157506570917482,329,0.639304893267446
933000320946644,0.0123548581535134,177,-0.316816099368577,0.176381521016939,361,0.872158565581248,-0.0661706139770575,121,-0.623240771904465
933000320946649,0.14546038435,338,0.731353288103035,-0.206769218124869,75,-0.992910836290483,-0.0623146747748224,136,-0.526685764211334
933000320946650,0.25811762083192,421,1.61849802154698,0.177808091211863,364,0.879102705702537,-0.0175869300387223,325,0.593323528099915
933000320946712,-0.0760889430556528,72,-1.01328669370157,0.193278325071553,376,0.954407427484185,-0.0309091806396684,279,0.259726460874752
933000320946716,0.220069794884626,402,1.31888186316952,0.0392819242861414,253,0.204796515218802,-0.0139682561368855,340,0.683937271757557
933000320946717,-0.131324161228347,32,-1.44824883579528,0.166389333849953,353,0.823519425318433,-0.0811860928193489,64,-0.999237279912968
933000320946718,-0.288926115385155,3,-2.6893208519114,0.251651379260159,408,1.23855094109144,-0.0895606976556258,46,-1.20894235874952
933000320946719,-0.0474196490012458,95,-0.78752389296036,0.0612461653409801,277,0.3117122268222,-0.094327543389768,34,-1.32830700699534
933000320946720,0.129840784710377,324,0.608353239535198,0.543075659881952,447,2.65712189300346,0.0234757123434763,428,1.62155648073964
933000320946723,0.108010277679257,289,0.436444004532993,0.326139618131259,420,1.60113861462424,-0.125442396810287,9,-2.10744141597342
933000320946724,0.0383695149160466,215,-0.111957836731031,0.217140883596835,387,1.07056361148519,-0.0956662294652203,33,-1.36182850137965
933000320946725,0.022876178857061,195,-0.233963594349736,0.394685329906198,439,1.93479974743924,-0.0896565144613185,45,-1.21134166847033
933000320946902,0.188896194721357,384,1.07339834101895,0.370362057804707,432,1.81640094008863,-0.00772796195263854,359,0.840197944285306
933000320946903,0.165079897529388,360,0.885851554999729,0.221835673718508,391,1.09341652160551,-0.027994778661271,290,0.332704817297469
933000320946905,0.0528694869658192,235,0.002225452694008,-0.234192983679814,56,-1.12640196861922,0.00497270849224825,401,1.15823027524196
933000320946906,-0.160245684964054,19,-1.67599787586181,0.0151246224917294,229,0.0872056043687941,-0.0586515469358916,155,-0.434958867567356
933000320946907,0.278163598586889,429,1.77635457961114,-0.000888612277427592,216,0.00925770777896215,-0.0678222755048693,112,-0.664599357494164
933000320946909,0.201164093084456,393,1.1700046644396,-0.0893998473818571,159,-0.421589944204945,-0.0800972326538555,65,-0.971971574687373
933000320946912,0.0479720439174359,226,-0.0363405635104827,0.264567419893454,412,1.30142257284777,0.00363845272941209,394,1.12481971851675
933000320946915,0.298121699250913,438,1.93351912976833,-0.000812984498126917,217,0.00962584241292143,-0.0602942245056459,147,-0.47609248951166
933000320946916,0.0302054361190598,207,-0.176247710460808,0.0649760287372126,280,0.329868146628217,-0.0590811754206949,153,-0.445717019986181
933000320946917,-0.118270035156539,40,-1.34545118554245,-0.0643631290923508,178,-0.299718282650462,-0.00271200161888886,376,0.965800570056196
933000320946918,-0.135336351943008,30,-1.4798437334977,-0.0136973293580686,209,-0.0530915032857037,-0.0324792043047035,267,0.220412135854276
933000320946919,-0.0163091217438983,139,-0.542537052585932,0.446359600644309,444,2.18633547834648,-0.0299837962726869,283,0.282898635016192
933000320946922,-0.00155272614460816,161,-0.426334498277523,0.105624696370062,312,0.527734360846383,-0.00278412939431145,374,0.963994447722426
933000320946924,0.0229588948028751,196,-0.233312229040304,0.243747413876829,404,1.20007667369757,-0.0917724276107042,41,-1.26432539038651
933000320946925,-0.0849428492368115,63,-1.08300876823765,0.0513170409927991,263,0.263380058520371,-0.0308832954922625,280,0.260374640339165
933000320947001,-0.0958554647111571,56,-1.1689426118902,-0.144417578329558,124,-0.689400693522043,-0.0151235851208356,334,0.655007147841511
933000320947002,-0.00818427905653885,149,-0.478556152421492,0.206102505533825,385,1.01683190991592,0.00432693823864654,399,1.14205980456432
933000320947008,0.0943424645200106,277,0.328813737356438,0.128551181284586,324,0.639334003332591,-0.0508974766474862,191,-0.240792342349302
933000320947009,-0.170373457704655,14,-1.75575129897888,-0.0725152770515825,172,-0.339400632611078,-0.0493973666003911,197,-0.203228695844229
933000320947011,-0.0849303988755037,64,-1.08291072506876,-0.0375739414270344,193,-0.169316095961507,-0.0421138361135303,231,-0.0208447667137207
933000320947012,-0.00925641570421058,146,-0.486998933464385,0.135058468734092,329,0.671009637675464,0.000348099911431601,381,1.04242732979104
933000320947013,0.0338030837877884,210,-0.147917225160721,0.0680980941651587,283,0.345065477875303,-0.0773496821661936,71,-0.903171278686937
933000320947014,-0.136177660087815,29,-1.48646880360573,-0.0963172726186044,153,-0.455262013264997,-0.0247186199403849,301,0.414741777401951
933000320947016,-0.0970565482194007,54,-1.17840081397325,0.250054890360415,406,1.23077968478639,-0.0488520403087605,203,-0.189573401628714
933000320947017,-0.297670106206468,1,-2.75817737323796,-0.0346734094040807,195,-0.155197126656432,-0.0571967760668311,162,-0.398530541007523
933000320947018,0.265803469433399,424,1.67902196409855,0.116688013116971,316,0.581587456873526,-0.0453732857738814,218,-0.102463322018781
933000320947024,-0.0550935859700768,87,-0.847954034682962,0.0365674485767619,251,0.191583215411454,-0.0330667294242056,263,0.205700157926681
933000320947025,0.0794320678623244,264,0.211398467095043,-0.0232492599817529,204,-0.0995875992476682,0.0110097094491395,412,1.30940036461945
933000320978103,0.290521337954437,435,1.87366837621711,-0.182363621475909,95,-0.874111296333044,-0.0448995076499669,219,-0.0905996364158318
933000320978106,0.115410646766272,299,0.494719874473581,-0.110022104015717,144,-0.521973255304662,-0.0563427073469103,165,-0.377144153023342
933000320978107,0.203681299527755,396,1.18982697243242,-0.0473957401530063,190,-0.21712583349766,-0.121748737266137,10,-2.01494998729777
933000320978108,0.114929239768058,298,0.49092892684833,-0.152133113265465,117,-0.726957734806277,-0.149618695500739,3,-2.71283029365462
933000320978109,0.00653790695138992,171,-0.362622989230397,-0.363642258818757,22,-1.75652441780693,-0.0821141532438519,60,-1.02247646412408
933000320978110,0.0125108427329037,178,-0.315587763733638,-0.259819643136791,49,-1.25114529687809,-0.0905176084617351,43,-1.23290397365049
933000320978112,0.102168653850577,285,0.390442824527075,0.120040495671452,318,0.59790639350582,0.00718028744975151,406,1.21350936343437
933000320978113,-0.0719851122151419,76,-0.98097015522791,0.266676443075814,413,1.31168870104073,-0.0207457980970437,315,0.514223595845793
933000320978114,0.0766659357916807,262,0.189615938292503,0.284280676156378,416,1.39738112730492,-0.0645360376490732,126,-0.582310009865467
933000320978117,0.129522844029942,322,0.605849544175684,-0.31248747975726,33,-1.50751742541328,-0.108955617809376,21,-1.69460267817766
933000320978118,-0.0347202259347063,111,-0.687519431257936,-0.245577750604924,52,-1.18181979317313,-0.0147457047228972,337,0.664469497431693
933000320978119,0.00383475477896832,169,-0.38390956866683,0.102870780300674,310,0.514329076524489,-0.0176630977441768,323,0.591416243518805
933000320978120,-0.00616952824459409,152,-0.462690544247218,-0.0112251202028946,211,-0.0410574885251695,0.0367064922138317,436,1.95286306654571
933000320978121,0.236780201647804,412,1.45047171763962,-0.180691819417579,96,-0.865973436878669,0.000419819843168287,383,1.0442232394767
933000320978122,0.158826881054086,354,0.836610771119035,0.348876935615799,427,1.7118174435782,-0.114517025999753,13,-1.83386364222377
933000320978124,-0.0334346141665777,114,-0.677395592390897,-0.281357103986304,44,-1.35598356318134,-0.103792013177308,27,-1.56530295148992
933000320978125,0.195728032495043,389,1.12719718332982,0.134230330066968,328,0.666978492930657,-0.0447256771939893,220,-0.0862468185590338
933000320978126,0.117659506738981,306,0.512429027860834,0.203346314216602,383,1.00341555033126,-0.0812642902147696,62,-1.00119538913628
933000320978127,0.324678119775275,445,2.1426436329341,-0.191825452152528,87,-0.920168811242658,-0.0322529054152514,269,0.226078794446645
933000320978129,-0.136377417720578,28,-1.48804183998941,0.219944541368363,388,1.08421102434079,-0.0474961573637477,210,-0.155621287417264
933000320978130,-0.0012654824242678,162,-0.424072533030792,-0.082968973069086,164,-0.390286267393837,-0.0676693531122558,113,-0.660770089961449
933000320978133,0.105309187129515,287,0.415173659807796,0.0778797375266349,290,0.39267975045735,-0.0713290310793442,96,-0.75241059976559
933000320978135,0.0650240697345531,245,0.0979394469940673,-0.324094574836236,32,-1.56401748052188,-0.00529001801805715,365,0.901245508319117
933000320978137,0.314218990718251,443,2.06028087001617,-0.0237204409853952,203,-0.101881175072694,-0.0916240852486804,42,-1.26061080953987
933000320978139,0.0971419171137625,279,0.350858656108475,-0.325305302061838,31,-1.56991095813213,-0.0538891669374829,180,-0.315706043996533
933000320978140,0.122993704530485,317,0.554434367470248,0.149601899937616,339,0.741802946326452,-0.0430691099922146,226,-0.0447653919797902
933000320978141,0.156350359903987,350,0.817108848613375,0.138509846877109,333,0.687809970054433,-0.0663188829036003,119,-0.626953513883045
933000320978143,-0.0842708429649206,65,-1.0777169037861,0.161572132648701,348,0.80007065269375,-0.0596436943926565,151,-0.459802829128038
933000320978146,0.219798922299108,401,1.3167488161041,0.00797035456379203,223,0.0523806520926355,-0.0941679365700309,35,-1.32431035743752
933000320978148,0.134633724383813,330,0.646096320421846,-0.378274366710984,19,-1.82774937949121,-0.0516547265780863,190,-0.259754330347541
933000320978149,-0.00286609198776715,156,-0.436676892847361,0.185740087624547,370,0.917713420217114,-0.0586946406442989,154,-0.436037959619528
933000320978150,-0.102846265453923,49,-1.22399324383514,-0.197133206589613,79,-0.946005458238121,-0.0459943256936718,217,-0.118014530450269
933000320978152,0.151932997050843,345,0.78232333182585,-0.0514396456892022,184,-0.236810421596098,-0.00957965595911606,353,0.793830426629134
933000320978153,-0.0504844914423589,93,-0.811658683723715,-0.015309978930891,207,-0.0609414251753219,-0.118875001715884,11,-1.94298994238786
933000320978156,-0.114472656933666,42,-1.31554787709536,0.00659823906110185,222,0.0457015820074956,0.00653676505251603,405,1.19739518041515
933000320978159,0.00552043922550732,170,-0.370635267559369,0.33112308111257,422,1.62539670255752,-0.0350203923242035,259,0.156779278616723
933000320978160,-0.127527613336159,35,-1.41835206597381,0.0357442874412522,249,0.187576299882365,-0.0468585786724935,215,-0.139655938325831
933000320978161,-0.0283876110461897,123,-0.63765183177907,-0.165522089408991,104,-0.792131482829344,-0.0204859437326242,316,0.520730503460176
933000320978162,0.0557815555079701,238,0.0251571910471995,-0.151937385726348,118,-0.726004988518672,-0.0641170762990876,129,-0.571818968837761
933000320978163,0.0426625365953442,219,-0.0781514724682191,-0.212765992348001,71,-1.02210143667546,-0.0749996933375455,81,-0.844326162742847
933000320978164,0.0181134305919785,190,-0.271468926204431,-0.300756786503192,38,-1.45041572935519,-0.0376388036937234,247,0.0912127028311853
933000320978165,0.294348214728091,437,1.90380397763346,0.0348096031680459,247,0.183026521269716,0.00372158806645194,395,1.12690147673088
933000320978166,0.113509739343232,297,0.479750751656651,-0.243209349243501,53,-1.17029108538456,0.0124858871935179,414,1.34636473205094
933000320978168,0.00281940236529189,166,-0.391905189494323,-0.01521272313735,208,-0.060468011486771,0.000378279548956528,382,1.04318304583857
933000320978169,0.161708684337631,355,0.859304178889865,-0.171839080023637,101,-0.822880806016549,0.0128764769194634,416,1.35614533076258
933000320978170,0.100018348524965,281,0.373509761862969,-0.377579105893568,20,-1.82436504652662,-0.052313575304716,188,-0.276252293757198
933000320978172,0.0378074589515714,214,-0.11638387277058,-0.10139378613767,151,-0.479973044891357,-0.0841028343995671,56,-1.07227422135478
933000320978173,-0.0176042130122704,137,-0.552735539908582,-0.0767420803142949,168,-0.359975515099036,-0.0741809444415305,84,-0.823824204125956
933000320978174,0.0581141792033962,240,0.0435259606986364,-0.192904718870094,85,-0.925422376290974,0.00403004543850671,397,1.13462543252211
933000320978177,-0.0507007594534631,92,-0.813361734793091,0.0865406180825869,297,0.434838466774464,-0.0919103029258758,40,-1.26777787016352
933000320978182,0.165561842583218,361,0.889646739664882,0.277880999024464,415,1.36622930954431,-0.0529591426973756,184,-0.292417684676366
933000320978183,-0.00264180537003761,159,-0.434910697457573,-0.126003317352496,134,-0.599765280620783,-0.10939108498786,20,-1.70550703495389
933000320978184,0.211487044765719,398,1.25129506800013,-0.213153660250577,70,-1.02398849435099,-0.00405341935799801,370,0.932210673191559
933000320978186,-0.121176318197701,38,-1.36833736466756,0.00595044736265879,221,0.0425483152846941,-0.0754979888924666,78,-0.856803779379272
933000320978187,0.0865737297617558,274,0.267637089130962,-0.0558691948089723,182,-0.25837221355786,0.00335462882796039,391,1.1177125994594
933000320978188,0.230772586759921,410,1.40316340372407,0.170165604123596,355,0.841901240674822,-0.0653674217128556,125,-0.603128360587367
933000320978195,0.0421992186950667,217,-0.0817999734254343,0.246655434851676,405,1.21423209710177,-0.06354225885704,131,-0.557425198700804
933000320978197,-0.00120602239201739,163,-0.423604301640527,0.371031664689773,433,1.81966039696823,-0.0248812346315644,299,0.410669808956818
933000320978198,-0.053081954110337,89,-0.832112987398951,0.138033032792642,332,0.685488973985596,-0.0524169322995122,187,-0.278840414291335
933000320978200,-0.0983198083352174,52,-1.18834863972962,0.179815189140936,367,0.888872690597927,-0.0778905442233588,68,-0.916714785820098
933000320978202,0.0265862525203629,204,-0.204747785282597,-0.060705203228366,180,-0.28191253439975,-0.0202652449521603,318,0.526256931997536
933000320978205,-0.0220319090229463,133,-0.587602427467929,0.131204130909938,326,0.652247811569091,-0.0522679932426734,189,-0.275110891852146
933000320978208,-0.0308732833274901,116,-0.657225816924508,0.332891781423085,423,1.63400623529028,-0.131321403656724,6,-2.25465523899133
933000320978210,0.142941198224988,337,0.711515390661548,0.415687272375362,442,2.03703126176919,0.0091420742041694,407,1.26263366888382
933000320978212,0.10987832398797,293,0.451154355118155,0.0841994876069767,296,0.423442505942887,0.0320688322367393,433,1.83673330638074
933000320978214,0.049759751545993,229,-0.0222628579219338,0.425673170634513,443,2.08563978940785,-0.0248316179409405,300,0.411912240357738
933000320978215,-0.0422096145517082,99,-0.746496305498541,0.0244742713977608,237,0.132717050156267,-0.0093458671025093,355,0.799684638447398
933000320978216,0.0655855171012353,247,0.102360690493485,-0.260208969910483,48,-1.2530404294689,0.0263838792442608,431,1.69437870711587
933000320978217,-0.0366662864416668,109,-0.702844122184384,-0.0918130329958074,157,-0.433336649065013,-0.0239335203063819,306,0.434401138513529
933000320978218,0.0339262225000063,211,-0.146947541690412,0.0144167687399687,227,0.0837599725624557,-0.0271164519062709,291,0.35469864088705
933000320978221,-0.172360338150778,13,-1.77139743569237,0.0266519212085188,239,0.143317233361273,-0.0435857147861356,224,-0.0577014828347578
933000320978223,0.305987108665551,440,1.99545706430745,0.390428622616128,437,1.91407930060618,-0.0270414711354751,292,0.356576203919379
933000320978224,0.240937416087281,417,1.4832086372637,-0.0478535188772209,189,-0.219354170818039,-0.044042268784223,222,-0.0691338660974679
933000320978225,0.0535998215637833,236,0.00797663666113607,-0.0930998190416119,156,-0.439600359494389,-0.0379175264998041,245,0.0842333182315063
933000320978228,0.0244637581648616,198,-0.221461844210802,-0.0282078872599302,199,-0.123724794004305,-0.00728441005240868,361,0.851304747295626
933000320978229,0.0179317515432175,189,-0.272899598714415,-0.176227350891146,99,-0.844241667124236,-0.0255771006616971,296,0.39324491028261
933000320978230,0.0688056789838741,248,0.127718579114146,-0.383323568416578,14,-1.85232746493631,0.0748826287357863,447,2.90881619812898
933000320978232,0.266190192396783,425,1.68206730100705,0.197354757829001,379,0.974250348893481,-0.0507594474263167,193,-0.237336008674703
933000320978234,0.117344060349421,304,0.509944974355511,-0.209357487736874,72,-1.00550980052048,-0.0398877642316369,236,0.0348973952884939
933000320978237,-0.0997976649729436,51,-1.19998635403797,0.133207740787893,327,0.662000817618438,-0.0631469493141555,132,-0.547526412969883
933000320978238,0.0725384921283673,254,0.157113455337644,0.243352451562932,403,1.19815410889137,-0.0697325972205583,103,-0.712434947808397
933000320978241,-0.00367990043710742,155,-0.443085410421643,0.263131400025898,411,1.2944324343935,-0.0179941004963505,320,0.583127738019533
933000320978243,0.0170918596801383,187,-0.279513515993602,-0.134742309664251,130,-0.642304222866735,-0.0310237282180509,276,0.256858121481448
933000320978245,-0.160420231937941,18,-1.67737238524495,0.0974879470462591,307,0.488126967086641,0.0148057472481946,419,1.4044554056011
933000320978246,-0.0600322405028601,83,-0.886844579985491,-0.39042393936698,12,-1.88689006197369,-0.0530032535164224,183,-0.293522245783021
933000320978248,-0.0116880581887707,144,-0.506147448829771,-0.114548893972996,142,-0.544008388153241,-0.0132921293672119,341,0.700867887626584
933000320978249,0.150559505263762,340,0.771507461994593,-0.0334299901536114,196,-0.14914451351795,0.0011924608721094,385,1.06357062971828
933000320978250,-0.159624462066554,20,-1.67110591650774,-0.341670454148225,27,-1.64957188866214,0.056170241406403,442,2.44024690598398
933000320978252,0.110200923267151,294,0.453694735660721,-0.00332818990920614,215,-0.0026174659573904,-0.0321110356650803,270,0.229631297248362
933000320978254,-0.0299038975371371,119,-0.649592170605436,0.0593990548221218,275,0.302721015378072,-0.0544252860966758,177,-0.329130786147626
933000320978255,0.279598648965707,431,1.78765520641108,0.0606736028292629,276,0.308925154497469,-0.0766824269099623,74,-0.886462810783358
933000320978256,0.188068597072118,382,1.06688123729033,0.127973886064142,323,0.636523893520698,-0.070273523317577,99,-0.725980058537523
933000320978257,0.188085487578516,383,1.06701424537986,-0.14445957318894,123,-0.689605112616849,-0.0032820230656576,373,0.951526894489397
933000320978259,0.0432819634229929,221,-0.0732736566699363,-0.169306120075989,103,-0.810551073585115,0.0243113856813285,429,1.64248223743168
933000320978261,-0.0252802808933539,128,-0.613182461978735,-0.198768975458925,78,-0.953967918322421,-0.0688435419653177,105,-0.690172476201061
933000320978265,0.28428941910663,433,1.82459373034677,-0.38311888980438,15,-1.85133114735727,-0.101596300187833,29,-1.51032099418421
933000320978266,0.016197595734295,184,-0.286555598461078,-0.111546821950743,143,-0.529395150858019,-0.0925861167387687,38,-1.28470064940889
933000320978269,0.1237465237862,319,0.56036261192927,-0.153561772641436,115,-0.733912044469853,-0.0573952604769745,160,-0.403500708518789
933000320978270,0.157813926499109,352,0.828634032768898,-0.229217182385911,60,-1.10218117561269,-0.0702434127678655,100,-0.725226072489882
933000320978271,0.238536799292507,413,1.46430444066695,0.0579922036631202,273,0.295872861944991,0.00318598967994176,390,1.11348977503705
933000320978274,0.0246242677878454,200,-0.220197875102878,0.185426544789641,369,0.91618718240045,-0.0310851122911495,275,0.255321027834631
933000320978275,0.341853979369549,448,2.27789880035407,-0.208389426662562,74,-1.0007975530826,0.0437996845224508,440,2.13048081464988
933000320978276,-0.0949676100031826,57,-1.16195100040708,-0.221959163924657,65,-1.06685119509216,-0.0152099854531861,333,0.652843632205695
933000320978277,-0.0738348368788216,75,-0.995536227900642,-0.217173700041235,69,-1.04355691075195,-0.0528072616979865,186,-0.28861449424848
933000320978278,0.104479756664367,286,0.408642123158287,0.337039562789233,425,1.65419646154166,-0.0507154698019867,194,-0.236234782842861
933000320978280,-0.01649409180441,138,-0.54399364090775,-0.22496399227391,62,-1.08147784940744,-0.0612426215584326,143,-0.499840914973058
933000320978281,-0.0938158418884648,59,-1.15288114347619,-0.344383930916504,25,-1.66278032590682,-0.0700712603025929,101,-0.720915272516908
933000320978282,-0.169278966726375,15,-1.74713248373447,0.175464084169379,360,0.867692742557217,-0.0548473157484169,174,-0.339698659273576
933000320978283,0.0127412106919187,179,-0.313773679454842,-0.15632923618593,114,-0.747383274067877,-0.0628224066301844,133,-0.539399671415085
933000320978284,0.050843038522066,231,-0.0137322711115091,0.0999531614738807,309,0.500126933492312,-0.0755615543809851,76,-0.858395496963764
933000320978285,0.0303329294981103,208,-0.17524373518762,0.0239060259150501,236,0.129950991907419,-0.0775340000455721,69,-0.907786707854246
933000320978288,-0.0409289434680436,101,-0.736411373161954,0.11233631780214,313,0.56040463520877,-0.0379900404314885,243,0.0824175263155994
933000320978289,-0.0267523679852542,127,-0.624774742701508,-0.0785906372350278,166,-0.368973767218291,-0.0698430681683218,102,-0.715201205949861
933000320978291,0.0207453821093336,192,-0.25074303233186,-0.0092405893425446,212,-0.0313973537359237,-0.0287533078952121,287,0.313710794783783
933000320978293,0.119291071441567,311,0.525277150878691,0.0542948380801292,271,0.277875132299954,-0.0490277050395673,200,-0.193972150816625
933000320978294,-0.0138712505121195,142,-0.523339487550382,0.0192113392665948,233,0.107098585465449,-0.0543641135130412,178,-0.327598988322592
933000320978296,-0.123950408912991,37,-1.39018256560643,0.0639705282898109,279,0.324973654914022,-0.0571638629349767,163,-0.397706376638551
933000320978297,0.11566439739295,301,0.496718090825194,-0.186587366708312,92,-0.894671293194599,-0.0663083498497522,120,-0.626689759959035
933000320978299,0.181837896095755,377,1.01781618182244,-0.176571474252519,98,-0.845916762292275,-0.0408998750638423,233,0.00955353895039363
933000320978301,0.0858388648789711,272,0.261850230417629,-0.137279462954303,128,-0.654654367302666,-0.106031526563289,24,-1.62138169673747
933000320978303,0.256221373166657,420,1.60356559304015,-0.0905420333788875,158,-0.427149782505347,-0.0754634768610175,79,-0.855939577614852
933000320978306,-0.0323509601760046,115,-0.668862115442288,0.00238642510058695,219,0.0251996632020481,-0.0798798912620838,66,-0.966529217156843
933000320978307,0.00715433885780065,172,-0.357768757612645,0.0417432183371811,257,0.216777398340377,-0.0529186479544692,185,-0.291403672263882
933000320978308,0.167166344496143,365,0.902281750661985,0.0526591574794659,269,0.26991310188246,-0.0661434116219619,122,-0.622559608777202
933000320978309,0.192130813453168,386,1.09887007334824,0.0358799084294898,250,0.188236464484892,0.017539201159823,423,1.4729027149656
933000320978310,-0.0762620130549333,71,-1.01464957231615,0.0331899167039183,242,0.175142345784015,-0.0843630476422863,55,-1.07879011549493
933000320978311,-0.00919613285339603,147,-0.486524222604371,-0.193318487021198,84,-0.927436482592378,-0.0886529634528312,50,-1.18621215520187
933000320978312,0.166258887565109,364,0.895135777066914,0.0973149128644853,306,0.487284685642458,-0.00449016191578368,368,0.921274380160158
933000320978313,0.278274658218462,430,1.77722914364559,0.0497878736165686,261,0.255936504346012,-0.0260759313605376,295,0.380753893324616
933000320978314,0.0860002234403899,273,0.263120884682097,-0.471931993374714,2,-2.28364820963231,-0.000116178213669896,380,1.03080152980049
933000320978320,0.1932484051783,387,1.10767080061666,0.0728094403311694,287,0.367998978135627,-0.0255727280290722,297,0.393354403600476
933000320978324,0.082531953236541,268,0.235809211312593,-0.391727224129198,11,-1.89323408348696,-0.0269699376653166,293,0.358367444496374
933000320978326,-0.254736454505912,5,-2.42008668165796,0.163809235540028,350,0.810960236675233,-0.0617434718684581,141,-0.512382504194585
933000320978328,0.134488503655289,329,0.644952747150209,0.0869584801337543,298,0.436872501023181,-0.0348020605211788,262,0.162246436633239
933000320978329,0.0246053854637505,199,-0.220346568208612,0.0770618177669896,288,0.388698348463144,0.00410803238897285,398,1.13657827207878
933000320978330,0.0744200423301015,259,0.171930145364004,-0.0546700959953919,183,-0.252535339767564,-0.040533067735442,234,0.0187386123029667
933000320978331,0.132730187295713,327,0.631106489716254,0.123706344218166,320,0.615750707134668,-0.112279577396271,16,-1.77783660035628
933000320978332,0.0165748129368286,185,-0.283585116803241,0.0972909641568473,305,0.487168110108948,-0.127863645797661,8,-2.1680709286139
933000320978334,0.0450274971257359,222,-0.059528059140692,0.155779035879253,343,0.771871496531402,-0.0395843431631732,239,0.042495239046713
933000320978335,-0.0176454789816791,136,-0.553060498061069,-0.189549608775962,90,-0.909090649539011,-0.016725755812273,327,0.61488784218758
933000320978341,0.308512823123634,442,2.01534637057524,0.222488049573321,392,1.09659210270463,-0.0431062177323254,225,-0.045694591830709
933000320978343,0.000319054986954365,164,-0.411594736990267,-0.0250077152606672,202,-0.108147262064994,-0.0396466262078598,238,0.0409356346174241
933000320978344,-0.279185983136069,4,-2.61261999098435,0.154089829965674,342,0.763648920033351,-0.0150164720491744,335,0.657689322771109
933000320978345,-0.0600448113239922,82,-0.886943571742352,0.596336274237144,449,2.91637949584993,-0.0126526379140237,346,0.716881133412849
933000320978346,0.20170760639842,394,1.17428468220941,0.117169335636548,317,0.58393039872901,0.00388628974307906,396,1.1310257045311
933000320978347,-0.291935482651863,2,-2.71301879094336,0.147464671513987,337,0.731399522998469,-0.0132068158244045,342,0.70300418940679
933000320978349,0.0259324734540244,203,-0.209896115506649,0.17043294191235,356,0.843202565398572,-0.00918580452631786,356,0.803692700417512
933000320978350,-0.103489559316245,48,-1.22905900596314,-0.0567028991593443,181,-0.262430450474143,-0.0690375653111844,104,-0.695030936013379
933000320978351,-0.0597054662397568,84,-0.884271322593512,-0.419071327977696,6,-2.02633744516561,-0.0714454494414708,95,-0.755325784694917
933000320978355,-0.138982522772048,26,-1.50855632533142,0.189978368010087,372,0.938344170092027,-0.0359857779176675,254,0.132605450007153
933000320978360,0.157368979974439,351,0.8251302013387,-0.0727672890654324,171,-0.340627355798376,-0.132913822704522,5,-2.29453035769698
933000320978361,0.162981684728899,357,0.869328706634845,0.0520953981134296,268,0.267168880780426,-0.0927417480991117,37,-1.28859775110243
933000320978364,0.163079214764974,358,0.870096728828164,-0.0974633410667282,152,-0.460840750238946,-0.0859885781146557,54,-1.11949436393694
933000320978365,-0.12908164638961,34,-1.43058964859184,-0.380641008911964,18,-1.83926952418443,-0.031620062180512,272,0.241925564894528
933000320978368,0.167488000640893,366,0.904814704280464,-0.384435689595695,13,-1.85774095620868,-0.0429808660248264,227,-0.0425557106276828
933000320978371,0.198090036502828,391,1.14579731485547,-0.130521725790206,133,-0.6217596146033,-0.0617493642052487,139,-0.512530051807321
933000320978372,0.0763656476119445,261,0.187251251517933,-0.395150712780336,9,-1.90989865770961,-0.0486598637236643,205,-0.184761185802893
933000320978373,0.129764040765157,323,0.60774890208692,-0.464076990380927,3,-2.2454122772989,-0.00796234872586049,358,0.83432876027989
933000320980676,0.0999211153034091,280,0.3727440770023,0.187890718060762,371,0.92818208075083,-0.066459765195409,118,-0.63048129014091
933000320980678,0.338539249562937,447,2.25179621535769,-0.0832957518325817,163,-0.391876933966326,-0.0312820477532902,274,0.250389646901283
933000320980679,0.292105692462645,436,1.88614473194674,-0.049581024422979,186,-0.227763179090276,-0.0169074407032198,326,0.61033834461435
933000320980680,0.195186166796854,388,1.12293014008081,-0.125413387187137,137,-0.596893667471568,-0.0314099652626808,273,0.247186516495044
933000320980681,0.155600053691598,348,0.811200393678938,-0.134801126099794,129,-0.642590524635342,0.0100080607088059,409,1.28431848527533
933000320980682,0.0729548666826976,257,0.160392290364575,-0.163213312053031,109,-0.780893007831282,-0.0572260211280282,161,-0.399262854708744
933000320980683,0.304802456700305,439,1.98612825610346,-0.0891293104786536,160,-0.420273047097107,-0.10881187219384,23,-1.69100320259311
933000320980684,-0.126095608573337,36,-1.40707542256167,-0.0368175929581725,194,-0.165634405591846,0.0366243634348362,435,1.95080651314281
933000320980686,0.117463649956846,305,0.51088670960231,0.0575023294398149,272,0.2934882928151,-0.0719505812924336,94,-0.767974586244351
933000320980688,-0.0299489029181593,118,-0.649946575595274,0.414258662879787,441,2.03007719490927,-0.0687951034578878,107,-0.688959547207047
933000320980689,-0.176448170159887,12,-1.8035879877717,0.126345111542155,322,0.628595479940417,-0.0549756027657085,172,-0.34291104237711
933000320980690,0.0581195544524218,241,0.0435682893054168,-0.411271533155632,7,-1.98837025059333,-0.0117083467774614,348,0.740526744293456
933000320980691,-0.0282201573381472,124,-0.636333179912357,0.378903577785702,434,1.85797864289488,-0.0178028068375812,321,0.587917844845752
933000320980692,-0.0180390325117173,134,-0.556159623802162,-0.174408031559428,100,-0.83538573531677,-0.0771810860039804,72,-0.898949530654682
933000320980693,-0.0431204595155779,98,-0.753668958919793,-0.0826064807166333,165,-0.388521757173953,-0.0584688853836134,156,-0.43038491381434
933000320980694,0.0620909619051401,243,0.074842030043807,-0.170858393637523,102,-0.818107102132615,-0.0438090998781368,223,-0.0632951782084305
933000320980696,0.0896538239532245,276,0.291891983231007,-0.340150874102972,29,-1.64217500290265,-0.0363645774050113,252,0.123120085872408
933000320980698,0.100419620646212,283,0.37666966938564,-0.345539696046318,24,-1.66840626358397,-0.150381987553843,2,-2.73194357998879
933000320980726,0.150993803763335,343,0.774927443157553,-0.147459270934986,121,-0.7042067926072,-0.0142276251061422,339,0.677442518726333
933000320980727,0.175508882735114,373,0.967976943384433,0.0177260499512348,230,0.0998686172779681,0.0372325380729994,437,1.96603556728157
933000320980729,0.206879779351492,397,1.21501412080624,0.177682730635079,363,0.878492485880214,-0.102930229528054,28,-1.54372337709326
933000320980730,-0.0101765605720405,145,-0.494244821069943,0.033277819022899,243,0.175570229404576,-0.0884906738855091,51,-1.18214832805122
933000320980731,0.247312431832039,418,1.53341013181653,0.043435946663293,259,0.225017120946117,0.0109869878122834,411,1.30883140133804
933000320980733,-0.0177945747382508,135,-0.554234586112151,-0.0395490177740257,192,-0.178930208854476,-0.017608599070506,324,0.592780922674662
933000320980734,0.224719523180458,404,1.35549719387005,-0.0207280477325676,205,-0.0873150512888366,0.0128489185978495,415,1.35545525402228
933000320980738,0.122195422590227,315,0.548148116882008,-0.0766758769299904,169,-0.359653255753684,-0.0620579432691488,138,-0.520257054834638
933000320980740,0.20110803049521,392,1.169563186978,0.0723169825247396,286,0.365601832854002,-0.0215155436420122,312,0.494948710242538
933000320980741,0.226236422465188,406,1.36744235827881,0.0215902347927811,234,0.11867837587921,-0.0218248917600631,310,0.487202449642542
933000320980742,0.155687411789514,349,0.811888314658633,-0.0859925452810578,161,-0.405004161530044,-0.110285145002772,18,-1.72789482871576
933000320980743,0.176760179284587,374,0.977830559348287,0.0885596902920435,299,0.444666739079149,-0.055987122867014,166,-0.368240106462638
933000320980744,0.0655408511051117,246,0.102008958066324,0.482960009161188,446,2.36449591247153,-0.128930594092836,7,-2.19478794759313
933000320980745,0.261752105437581,423,1.6471185875877,0.225196165114052,394,1.10977444301034,-0.0541350165125953,179,-0.321862263369123
933000320980747,0.227281488051995,407,1.37567196216748,0.0108484520498676,225,0.06639041641909,-0.114309073789955,15,-1.82865639538617
933000320980749,0.162303353159372,356,0.863987032205153,-0.0782652981496335,167,-0.367390108591504,-0.104730906208078,25,-1.58881339059549
933000320980750,0.0816827164565818,267,0.229121705384746,-0.133447182197429,131,-0.635999908759697,0.000827095098117625,384,1.05442165374424
933000320980752,-0.251523498101925,6,-2.3947855341987,-0.222461807592762,64,-1.06929792226677,-0.0149284594073848,336,0.659893211592842
933000320980754,-0.0611576560777767,81,-0.895706917917802,-0.179796740608237,97,-0.861616446459423,-0.0550930698309291,171,-0.345852487454744
933000320980755,-0.141967300852028,24,-1.53206063128497,0.0670630885821583,282,0.340027363508241,-0.0293288673320577,285,0.299298444656411
933000320980757,0.0522389485286182,234,-0.00273986397152731,-0.240294233181242,54,-1.15610112510209,0.0254760814663373,430,1.67164691160924
933000320980758,0.0122578669694075,176,-0.317579878250938,0.025961176852193,238,0.139954885251533,-0.0480708025734707,207,-0.170010744754522
933000320980761,0.120516784705532,312,0.534929305509817,0.179572375944526,365,0.887690744651514,-0.0393534814807257,240,0.0482761526855591
933000320980762,-0.0773951001939046,69,-1.02357232170414,0.0343514617676385,245,0.180796418544235,-0.0183151423433685,319,0.575088659501213
933000320980763,-0.0769452448617814,70,-1.02002983476617,-0.142492292545568,126,-0.680028947003637,0.00474537351555046,400,1.15253767240962
933000320980764,-0.0371186781144122,107,-0.706406582106738,0.0518722403322467,267,0.266082611834668,-0.0688128594737682,106,-0.689404168390115
933000320980765,-0.101308911502132,50,-1.21188700455251,-0.116942946361504,140,-0.555661957884793,-0.0316942593339845,271,0.24006762410537
933000320980766,-0.0243233693102044,129,-0.605647046608424,-0.233141945682318,57,-1.12128581299408,-0.0177925340543437,322,0.588175081439099
933000320980768,-0.116648490514567,41,-1.33268196774436,0.259916734481879,410,1.27878435197865,-0.0656239095249864,123,-0.609550967733021
933000320980769,-0.0399057832862087,103,-0.728354268308951,-0.205914601725588,77,-0.988750805436289,-0.0210809998846781,313,0.505829944004751
933000320980770,0.0645960584174517,244,0.0945689756628105,0.0128763872060426,226,0.076261831041005,-0.0864134650811699,53,-1.13013378592178
933000320980772,0.0712791062820918,252,0.14719613838769,0.348210852363949,426,1.70857513874823,-0.0122618975077558,347,0.726665505249247
933000320980774,0.0729257215420166,256,0.160162780402606,0.294193864771267,418,1.44563572496543,-0.0299544221085771,284,0.283634181531023
933000320980775,-0.00265451019275009,158,-0.435010744440001,0.406539128692679,440,1.99250068640161,-0.0308066070939645,281,0.262294963378321
